2026-09-14 21:45:39.878: [INFO] CurrentProfilePath: C:\Users\Charles\Downloads\Sifu Modding\Movesets Prototypes\Moveset Maker\SifuMovesetEditor\bin\Debug\net10.0-windows\SifuMovesetEditor.exe.WebView2\EBWebView\Default
2026-09-14 21:45:39.878: [INFO] Profiles total count: 1
2026-09-14 21:45:39.878: [INFO] Profile: name=Profile 1 path=C:\Users\Charles\Downloads\Sifu Modding\Movesets Prototypes\Moveset Maker\SifuMovesetEditor\bin\Debug\net10.0-windows\SifuMovesetEditor.exe.WebView2\EBWebView\Default lastActive=null
2026-09-14 21:45:39.878: [INFO] LastUsedProfileDir: C:\Users\Charles\Downloads\Sifu Modding\Movesets Prototypes\Moveset Maker\SifuMovesetEditor\bin\Debug\net10.0-windows\SifuMovesetEditor.exe.WebView2\EBWebView\Default
2026-09-14 21:45:39.878: [INFO] OnDoneLoading sync enabled: 0
2026-09-14 21:45:39.878: [INFO] BookmarkModelLoaded, ids_reassigned: 0
2026-09-14 21:45:39.878: [INFO] BookmarksLoadDropped droppedNodes=0
2026-09-14 21:45:39.878: [INFO] BookmarksSnapshot Startup total=0 bar=0 other=0 mobile=0 showBar=0 showBarNTP=1
2026-09-14 22:19:23.941: [INFO] BookmarksSnapshot Shutdown total=0 bar=0 other=0 mobile=0 showBar=0 showBarNTP=1
2026-09-15 10:00:09.489: [INFO] CurrentProfilePath: C:\Users\Charles\Downloads\Sifu Modding\Movesets Prototypes\Moveset Maker\SifuMovesetEditor\bin\Debug\net10.0-windows\SifuMovesetEditor.exe.WebView2\EBWebView\Default
2026-09-15 10:00:09.489: [INFO] Profiles total count: 1
2026-09-15 10:00:09.489: [INFO] Profile: name=Profile 1 path=C:\Users\Charles\Downloads\Sifu Modding\Movesets Prototypes\Moveset Maker\SifuMovesetEditor\bin\Debug\net10.0-windows\SifuMovesetEditor.exe.WebView2\EBWebView\Default lastActive=2026-09-14T21:46:17.535Z
2026-09-15 10:00:09.489: [INFO] LastUsedProfileDir: C:\Users\Charles\Downloads\Sifu Modding\Movesets Prototypes\Moveset Maker\SifuMovesetEditor\bin\Debug\net10.0-windows\SifuMovesetEditor.exe.WebView2\EBWebView\Default
2026-09-15 10:00:09.489: [INFO] MostRecentlyActiveProfile: name=Profile 1 path=C:\Users\Charles\Downloads\Sifu Modding\Movesets Prototypes\Moveset Maker\SifuMovesetEditor\bin\Debug\net10.0-windows\SifuMovesetEditor.exe.WebView2\EBWebView\Default lastActive=2026-09-14T21:46:17.535Z
2026-09-15 10:00:09.489: [INFO] OnDoneLoading sync enabled: 0
2026-09-15 10:00:09.489: [INFO] BookmarkModelLoaded, ids_reassigned: 0
2026-09-15 10:00:09.489: [INFO] BookmarksLoadDropped droppedNodes=0
2026-09-15 10:00:09.489: [INFO] BookmarksSnapshot Startup total=0 bar=0 other=0 mobile=0 showBar=0 showBarNTP=1
2026-09-15 10:04:25.806: [INFO] BookmarksSnapshot Shutdown total=0 bar=0 other=0 mobile=0 showBar=0 showBarNTP=1
2026-09-15 10:56:51.118: [INFO] CurrentProfilePath: C:\Users\Charles\Downloads\Sifu Modding\Movesets Prototypes\Moveset Maker\SifuMovesetEditor\bin\Debug\net10.0-windows\SifuMovesetEditor.exe.WebView2\EBWebView\Default
2026-09-15 10:56:51.118: [INFO] Profiles total count: 1
2026-09-15 10:56:51.118: [INFO] Profile: name=Profile 1 path=C:\Users\Charles\Downloads\Sifu Modding\Movesets Prototypes\Moveset Maker\SifuMovesetEditor\bin\Debug\net10.0-windows\SifuMovesetEditor.exe.WebView2\EBWebView\Default lastActive=2026-09-15T10:01:36.483Z
2026-09-15 10:56:51.118: [INFO] LastUsedProfileDir: C:\Users\Charles\Downloads\Sifu Modding\Movesets Prototypes\Moveset Maker\SifuMovesetEditor\bin\Debug\net10.0-windows\SifuMovesetEditor.exe.WebView2\EBWebView\Default
2026-09-15 10:56:51.118: [INFO] MostRecentlyActiveProfile: name=Profile 1 path=C:\Users\Charles\Downloads\Sifu Modding\Movesets Prototypes\Moveset Maker\SifuMovesetEditor\bin\Debug\net10.0-windows\SifuMovesetEditor.exe.WebView2\EBWebView\Default lastActive=2026-09-15T10:01:36.483Z
2026-09-15 10:56:51.118: [INFO] OnDoneLoading sync enabled: 0
2026-09-15 10:56:51.118: [INFO] BookmarkModelLoaded, ids_reassigned: 0
2026-09-15 10:56:51.118: [INFO] BookmarksLoadDropped droppedNodes=0
2026-09-15 10:56:51.118: [INFO] BookmarksSnapshot Startup total=0 bar=0 other=0 mobile=0 showBar=0 showBarNTP=1
2026-09-15 11:01:22.857: [INFO] BookmarksSnapshot Shutdown total=0 bar=0 other=0 mobile=0 showBar=0 showBarNTP=1
2026-09-15 11:01:25.015: [INFO] CurrentProfilePath: C:\Users\Charles\Downloads\Sifu Modding\Movesets Prototypes\Moveset Maker\SifuMovesetEditor\bin\Debug\net10.0-windows\SifuMovesetEditor.exe.WebView2\EBWebView\Default
2026-09-15 11:01:25.015: [INFO] Profiles total count: 1
2026-09-15 11:01:25.015: [INFO] Profile: name=Profile 1 path=C:\Users\Charles\Downloads\Sifu Modding\Movesets Prototypes\Moveset Maker\SifuMovesetEditor\bin\Debug\net10.0-windows\SifuMovesetEditor.exe.WebView2\EBWebView\Default lastActive=2026-09-15T10:01:36.483Z
2026-09-15 11:01:25.015: [INFO] LastUsedProfileDir: C:\Users\Charles\Downloads\Sifu Modding\Movesets Prototypes\Moveset Maker\SifuMovesetEditor\bin\Debug\net10.0-windows\SifuMovesetEditor.exe.WebView2\EBWebView\Default
2026-09-15 11:01:25.015: [INFO] MostRecentlyActiveProfile: name=Profile 1 path=C:\Users\Charles\Downloads\Sifu Modding\Movesets Prototypes\Moveset Maker\SifuMovesetEditor\bin\Debug\net10.0-windows\SifuMovesetEditor.exe.WebView2\EBWebView\Default lastActive=2026-09-15T10:01:36.483Z
2026-09-15 11:01:25.015: [INFO] OnDoneLoading sync enabled: 0
2026-09-15 11:01:25.015: [INFO] BookmarkModelLoaded, ids_reassigned: 0
2026-09-15 11:01:25.015: [INFO] BookmarksLoadDropped droppedNodes=0
2026-09-15 11:01:25.015: [INFO] BookmarksSnapshot Startup total=0 bar=0 other=0 mobile=0 showBar=0 showBarNTP=1
2026-09-15 11:14:10.906: [INFO] BookmarksSnapshot Shutdown total=0 bar=0 other=0 mobile=0 showBar=0 showBarNTP=1
2026-09-15 11:25:31.328: [INFO] CurrentProfilePath: C:\Users\Charles\Downloads\Sifu Modding\Movesets Prototypes\Moveset Maker\SifuMovesetEditor\bin\Debug\net10.0-windows\SifuMovesetEditor.exe.WebView2\EBWebView\Default
2026-09-15 11:25:31.328: [INFO] Profiles total count: 1
2026-09-15 11:25:31.328: [INFO] Profile: name=Profile 1 path=C:\Users\Charles\Downloads\Sifu Modding\Movesets Prototypes\Moveset Maker\SifuMovesetEditor\bin\Debug\net10.0-windows\SifuMovesetEditor.exe.WebView2\EBWebView\Default lastActive=2026-09-15T11:14:10.833Z
2026-09-15 11:25:31.328: [INFO] LastUsedProfileDir: C:\Users\Charles\Downloads\Sifu Modding\Movesets Prototypes\Moveset Maker\SifuMovesetEditor\bin\Debug\net10.0-windows\SifuMovesetEditor.exe.WebView2\EBWebView\Default
2026-09-15 11:25:31.328: [INFO] MostRecentlyActiveProfile: name=Profile 1 path=C:\Users\Charles\Downloads\Sifu Modding\Movesets Prototypes\Moveset Maker\SifuMovesetEditor\bin\Debug\net10.0-windows\SifuMovesetEditor.exe.WebView2\EBWebView\Default lastActive=2026-09-15T11:14:10.833Z
2026-09-15 11:25:31.328: [INFO] OnDoneLoading sync enabled: 0
2026-09-15 11:25:31.328: [INFO] BookmarkModelLoaded, ids_reassigned: 0
2026-09-15 11:25:31.328: [INFO] BookmarksLoadDropped droppedNodes=0
2026-09-15 11:25:31.328: [INFO] BookmarksSnapshot Startup total=0 bar=0 other=0 mobile=0 showBar=0 showBarNTP=1
2026-09-15 11:36:01.010: [INFO] BookmarksSnapshot Shutdown total=0 bar=0 other=0 mobile=0 showBar=0 showBarNTP=1
2026-09-15 11:45:02.851: [INFO] CurrentProfilePath: C:\Users\Charles\Downloads\Sifu Modding\Movesets Prototypes\Moveset Maker\SifuMovesetEditor\bin\Debug\net10.0-windows\SifuMovesetEditor.exe.WebView2\EBWebView\Default
2026-09-15 11:45:02.851: [INFO] Profiles total count: 1
2026-09-15 11:45:02.851: [INFO] Profile: name=Profile 1 path=C:\Users\Charles\Downloads\Sifu Modding\Movesets Prototypes\Moveset Maker\SifuMovesetEditor\bin\Debug\net10.0-windows\SifuMovesetEditor.exe.WebView2\EBWebView\Default lastActive=2026-09-15T11:14:10.833Z
2026-09-15 11:45:02.851: [INFO] LastUsedProfileDir: C:\Users\Charles\Downloads\Sifu Modding\Movesets Prototypes\Moveset Maker\SifuMovesetEditor\bin\Debug\net10.0-windows\SifuMovesetEditor.exe.WebView2\EBWebView\Default
2026-09-15 11:45:02.851: [INFO] MostRecentlyActiveProfile: name=Profile 1 path=C:\Users\Charles\Downloads\Sifu Modding\Movesets Prototypes\Moveset Maker\SifuMovesetEditor\bin\Debug\net10.0-windows\SifuMovesetEditor.exe.WebView2\EBWebView\Default lastActive=2026-09-15T11:14:10.833Z
2026-09-15 11:45:02.851: [INFO] OnDoneLoading sync enabled: 0
2026-09-15 11:45:02.851: [INFO] BookmarkModelLoaded, ids_reassigned: 0
2026-09-15 11:45:02.851: [INFO] BookmarksLoadDropped droppedNodes=0
2026-09-15 11:45:02.851: [INFO] BookmarksSnapshot Startup total=0 bar=0 other=0 mobile=0 showBar=0 showBarNTP=1
2026-09-15 12:15:38.546: [INFO] BookmarksSnapshot Shutdown total=0 bar=0 other=0 mobile=0 showBar=0 showBarNTP=1
2026-09-15 12:15:42.236: [INFO] CurrentProfilePath: C:\Users\Charles\Downloads\Sifu Modding\Movesets Prototypes\Moveset Maker\SifuMovesetEditor\bin\Debug\net10.0-windows\SifuMovesetEditor.exe.WebView2\EBWebView\Default
2026-09-15 12:15:42.236: [INFO] Profiles total count: 1
2026-09-15 12:15:42.236: [INFO] Profile: name=Profile 1 path=C:\Users\Charles\Downloads\Sifu Modding\Movesets Prototypes\Moveset Maker\SifuMovesetEditor\bin\Debug\net10.0-windows\SifuMovesetEditor.exe.WebView2\EBWebView\Default lastActive=2026-09-15T11:14:10.833Z
2026-09-15 12:15:42.236: [INFO] LastUsedProfileDir: C:\Users\Charles\Downloads\Sifu Modding\Movesets Prototypes\Moveset Maker\SifuMovesetEditor\bin\Debug\net10.0-windows\SifuMovesetEditor.exe.WebView2\EBWebView\Default
2026-09-15 12:15:42.236: [INFO] MostRecentlyActiveProfile: name=Profile 1 path=C:\Users\Charles\Downloads\Sifu Modding\Movesets Prototypes\Moveset Maker\SifuMovesetEditor\bin\Debug\net10.0-windows\SifuMovesetEditor.exe.WebView2\EBWebView\Default lastActive=2026-09-15T11:14:10.833Z
2026-09-15 12:15:42.236: [INFO] OnDoneLoading sync enabled: 0
2026-09-15 12:15:42.236: [INFO] BookmarkModelLoaded, ids_reassigned: 0
2026-09-15 12:15:42.236: [INFO] BookmarksLoadDropped droppedNodes=0
2026-09-15 12:15:42.236: [INFO] BookmarksSnapshot Startup total=0 bar=0 other=0 mobile=0 showBar=0 showBarNTP=1
2026-09-15 12:16:45.305: [INFO] BookmarksSnapshot Shutdown total=0 bar=0 other=0 mobile=0 showBar=0 showBarNTP=1
2026-09-15 12:21:25.934: [INFO] CurrentProfilePath: C:\Users\Charles\Downloads\Sifu Modding\Movesets Prototypes\Moveset Maker\SifuMovesetEditor\bin\Debug\net10.0-windows\SifuMovesetEditor.exe.WebView2\EBWebView\Default
2026-09-15 12:21:25.934: [INFO] Profiles total count: 1
2026-09-15 12:21:25.934: [INFO] Profile: name=Profile 1 path=C:\Users\Charles\Downloads\Sifu Modding\Movesets Prototypes\Moveset Maker\SifuMovesetEditor\bin\Debug\net10.0-windows\SifuMovesetEditor.exe.WebView2\EBWebView\Default lastActive=2026-09-15T11:14:10.833Z
2026-09-15 12:21:25.934: [INFO] LastUsedProfileDir: C:\Users\Charles\Downloads\Sifu Modding\Movesets Prototypes\Moveset Maker\SifuMovesetEditor\bin\Debug\net10.0-windows\SifuMovesetEditor.exe.WebView2\EBWebView\Default
2026-09-15 12:21:25.934: [INFO] MostRecentlyActiveProfile: name=Profile 1 path=C:\Users\Charles\Downloads\Sifu Modding\Movesets Prototypes\Moveset Maker\SifuMovesetEditor\bin\Debug\net10.0-windows\SifuMovesetEditor.exe.WebView2\EBWebView\Default lastActive=2026-09-15T11:14:10.833Z
2026-09-15 12:21:25.934: [INFO] OnDoneLoading sync enabled: 0
2026-09-15 12:21:25.934: [INFO] BookmarkModelLoaded, ids_reassigned: 0
2026-09-15 12:21:25.934: [INFO] BookmarksLoadDropped droppedNodes=0
2026-09-15 12:21:25.934: [INFO] BookmarksSnapshot Startup total=0 bar=0 other=0 mobile=0 showBar=0 showBarNTP=1
2026-09-15 12:22:09.794: [INFO] BookmarksSnapshot Shutdown total=0 bar=0 other=0 mobile=0 showBar=0 showBarNTP=1
2026-09-15 12:23:08.148: [INFO] CurrentProfilePath: C:\Users\Charles\Downloads\Sifu Modding\Movesets Prototypes\Moveset Maker\SifuMovesetEditor\bin\Debug\net10.0-windows\SifuMovesetEditor.exe.WebView2\EBWebView\Default
2026-09-15 12:23:08.148: [INFO] Profiles total count: 1
2026-09-15 12:23:08.148: [INFO] Profile: name=Profile 1 path=C:\Users\Charles\Downloads\Sifu Modding\Movesets Prototypes\Moveset Maker\SifuMovesetEditor\bin\Debug\net10.0-windows\SifuMovesetEditor.exe.WebView2\EBWebView\Default lastActive=2026-09-15T11:14:10.833Z
2026-09-15 12:23:08.148: [INFO] LastUsedProfileDir: C:\Users\Charles\Downloads\Sifu Modding\Movesets Prototypes\Moveset Maker\SifuMovesetEditor\bin\Debug\net10.0-windows\SifuMovesetEditor.exe.WebView2\EBWebView\Default
2026-09-15 12:23:08.148: [INFO] MostRecentlyActiveProfile: name=Profile 1 path=C:\Users\Charles\Downloads\Sifu Modding\Movesets Prototypes\Moveset Maker\SifuMovesetEditor\bin\Debug\net10.0-windows\SifuMovesetEditor.exe.WebView2\EBWebView\Default lastActive=2026-09-15T11:14:10.833Z
2026-09-15 12:23:08.148: [INFO] OnDoneLoading sync enabled: 0
2026-09-15 12:23:08.148: [INFO] BookmarkModelLoaded, ids_reassigned: 0
2026-09-15 12:23:08.148: [INFO] BookmarksLoadDropped droppedNodes=0
2026-09-15 12:23:08.148: [INFO] BookmarksSnapshot Startup total=0 bar=0 other=0 mobile=0 showBar=0 showBarNTP=1
2026-09-15 12:32:44.843: [INFO] BookmarksSnapshot Shutdown total=0 bar=0 other=0 mobile=0 showBar=0 showBarNTP=1
2026-09-15 12:37:35.641: [INFO] CurrentProfilePath: C:\Users\Charles\Downloads\Sifu Modding\Movesets Prototypes\Moveset Maker\SifuMovesetEditor\bin\Debug\net10.0-windows\SifuMovesetEditor.exe.WebView2\EBWebView\Default
2026-09-15 12:37:35.641: [INFO] Profiles total count: 1
2026-09-15 12:37:35.641: [INFO] Profile: name=Profile 1 path=C:\Users\Charles\Downloads\Sifu Modding\Movesets Prototypes\Moveset Maker\SifuMovesetEditor\bin\Debug\net10.0-windows\SifuMovesetEditor.exe.WebView2\EBWebView\Default lastActive=2026-09-15T11:14:10.833Z
2026-09-15 12:37:35.641: [INFO] LastUsedProfileDir: C:\Users\Charles\Downloads\Sifu Modding\Movesets Prototypes\Moveset Maker\SifuMovesetEditor\bin\Debug\net10.0-windows\SifuMovesetEditor.exe.WebView2\EBWebView\Default
2026-09-15 12:37:35.641: [INFO] MostRecentlyActiveProfile: name=Profile 1 path=C:\Users\Charles\Downloads\Sifu Modding\Movesets Prototypes\Moveset Maker\SifuMovesetEditor\bin\Debug\net10.0-windows\SifuMovesetEditor.exe.WebView2\EBWebView\Default lastActive=2026-09-15T11:14:10.833Z
2026-09-15 12:37:35.641: [INFO] OnDoneLoading sync enabled: 0
2026-09-15 12:37:35.641: [INFO] BookmarkModelLoaded, ids_reassigned: 0
2026-09-15 12:37:35.641: [INFO] BookmarksLoadDropped droppedNodes=0
2026-09-15 12:37:35.641: [INFO] BookmarksSnapshot Startup total=0 bar=0 other=0 mobile=0 showBar=0 showBarNTP=1
2026-09-15 14:11:00.149: [INFO] BookmarksSnapshot Shutdown total=0 bar=0 other=0 mobile=0 showBar=0 showBarNTP=1
2026-09-15 17:15:14.577: [INFO] CurrentProfilePath: C:\Users\Charles\Downloads\Sifu Modding\Movesets Prototypes\Moveset Maker\SifuMovesetEditor\bin\Debug\net10.0-windows\SifuMovesetEditor.exe.WebView2\EBWebView\Default
2026-09-15 17:15:14.577: [INFO] Profiles total count: 1
2026-09-15 17:15:14.577: [INFO] Profile: name=Profile 1 path=C:\Users\Charles\Downloads\Sifu Modding\Movesets Prototypes\Moveset Maker\SifuMovesetEditor\bin\Debug\net10.0-windows\SifuMovesetEditor.exe.WebView2\EBWebView\Default lastActive=2026-09-15T12:45:35.917Z
2026-09-15 17:15:14.577: [INFO] LastUsedProfileDir: C:\Users\Charles\Downloads\Sifu Modding\Movesets Prototypes\Moveset Maker\SifuMovesetEditor\bin\Debug\net10.0-windows\SifuMovesetEditor.exe.WebView2\EBWebView\Default
2026-09-15 17:15:14.577: [INFO] MostRecentlyActiveProfile: name=Profile 1 path=C:\Users\Charles\Downloads\Sifu Modding\Movesets Prototypes\Moveset Maker\SifuMovesetEditor\bin\Debug\net10.0-windows\SifuMovesetEditor.exe.WebView2\EBWebView\Default lastActive=2026-09-15T12:45:35.917Z
2026-09-15 17:15:14.577: [INFO] OnDoneLoading sync enabled: 0
2026-09-15 17:15:14.577: [INFO] BookmarkModelLoaded, ids_reassigned: 0
2026-09-15 17:15:14.577: [INFO] BookmarksLoadDropped droppedNodes=0
2026-09-15 17:15:14.577: [INFO] BookmarksSnapshot Startup total=0 bar=0 other=0 mobile=0 showBar=0 showBarNTP=1
2026-09-15 17:19:46.627: [INFO] BookmarksSnapshot Shutdown total=0 bar=0 other=0 mobile=0 showBar=0 showBarNTP=1
2026-09-15 17:54:06.657: [INFO] CurrentProfilePath: C:\Users\Charles\Downloads\Sifu Modding\Movesets Prototypes\Moveset Maker\SifuMovesetEditor\bin\Debug\net10.0-windows\SifuMovesetEditor.exe.WebView2\EBWebView\Default
2026-09-15 17:54:06.657: [INFO] Profiles total count: 1
2026-09-15 17:54:06.657: [INFO] Profile: name=Profile 1 path=C:\Users\Charles\Downloads\Sifu Modding\Movesets Prototypes\Moveset Maker\SifuMovesetEditor\bin\Debug\net10.0-windows\SifuMovesetEditor.exe.WebView2\EBWebView\Default lastActive=2026-09-15T12:45:35.917Z
2026-09-15 17:54:06.657: [INFO] LastUsedProfileDir: C:\Users\Charles\Downloads\Sifu Modding\Movesets Prototypes\Moveset Maker\SifuMovesetEditor\bin\Debug\net10.0-windows\SifuMovesetEditor.exe.WebView2\EBWebView\Default
2026-09-15 17:54:06.657: [INFO] MostRecentlyActiveProfile: name=Profile 1 path=C:\Users\Charles\Downloads\Sifu Modding\Movesets Prototypes\Moveset Maker\SifuMovesetEditor\bin\Debug\net10.0-windows\SifuMovesetEditor.exe.WebView2\EBWebView\Default lastActive=2026-09-15T12:45:35.917Z
2026-09-15 17:54:06.657: [INFO] OnDoneLoading sync enabled: 0
2026-09-15 17:54:06.657: [INFO] BookmarkModelLoaded, ids_reassigned: 0
2026-09-15 17:54:06.657: [INFO] BookmarksLoadDropped droppedNodes=0
2026-09-15 17:54:06.657: [INFO] BookmarksSnapshot Startup total=0 bar=0 other=0 mobile=0 showBar=0 showBarNTP=1
2026-09-15 18:22:44.885: [INFO] BookmarksSnapshot Shutdown total=0 bar=0 other=0 mobile=0 showBar=0 showBarNTP=1
2026-09-15 21:54:42.991: [INFO] CurrentProfilePath: C:\Users\Charles\Downloads\Sifu Modding\Movesets Prototypes\Moveset Maker\SifuMovesetEditor\bin\Debug\net10.0-windows\SifuMovesetEditor.exe.WebView2\EBWebView\Default
2026-09-15 21:54:42.991: [INFO] Profiles total count: 1
2026-09-15 21:54:42.991: [INFO] Profile: name=Profile 1 path=C:\Users\Charles\Downloads\Sifu Modding\Movesets Prototypes\Moveset Maker\SifuMovesetEditor\bin\Debug\net10.0-windows\SifuMovesetEditor.exe.WebView2\EBWebView\Default lastActive=2026-09-15T18:03:16.618Z
2026-09-15 21:54:42.991: [INFO] LastUsedProfileDir: C:\Users\Charles\Downloads\Sifu Modding\Movesets Prototypes\Moveset Maker\SifuMovesetEditor\bin\Debug\net10.0-windows\SifuMovesetEditor.exe.WebView2\EBWebView\Default
2026-09-15 21:54:42.991: [INFO] MostRecentlyActiveProfile: name=Profile 1 path=C:\Users\Charles\Downloads\Sifu Modding\Movesets Prototypes\Moveset Maker\SifuMovesetEditor\bin\Debug\net10.0-windows\SifuMovesetEditor.exe.WebView2\EBWebView\Default lastActive=2026-09-15T18:03:16.618Z
2026-09-15 21:54:42.991: [INFO] OnDoneLoading sync enabled: 0
2026-09-15 21:54:42.991: [INFO] BookmarkModelLoaded, ids_reassigned: 0
2026-09-15 21:54:42.991: [INFO] BookmarksLoadDropped droppedNodes=0
2026-09-15 21:54:42.991: [INFO] BookmarksSnapshot Startup total=0 bar=0 other=0 mobile=0 showBar=0 showBarNTP=1
2026-09-15 21:57:38.079: [INFO] BookmarksSnapshot Shutdown total=0 bar=0 other=0 mobile=0 showBar=0 showBarNTP=1
2026-09-15 21:57:44.532: [INFO] CurrentProfilePath: C:\Users\Charles\Downloads\Sifu Modding\Movesets Prototypes\Moveset Maker\SifuMovesetEditor\bin\Debug\net10.0-windows\SifuMovesetEditor.exe.WebView2\EBWebView\Default
2026-09-15 21:57:44.532: [INFO] Profiles total count: 1
2026-09-15 21:57:44.532: [INFO] Profile: name=Profile 1 path=C:\Users\Charles\Downloads\Sifu Modding\Movesets Prototypes\Moveset Maker\SifuMovesetEditor\bin\Debug\net10.0-windows\SifuMovesetEditor.exe.WebView2\EBWebView\Default lastActive=2026-09-15T18:03:16.618Z
2026-09-15 21:57:44.532: [INFO] LastUsedProfileDir: C:\Users\Charles\Downloads\Sifu Modding\Movesets Prototypes\Moveset Maker\SifuMovesetEditor\bin\Debug\net10.0-windows\SifuMovesetEditor.exe.WebView2\EBWebView\Default
2026-09-15 21:57:44.532: [INFO] MostRecentlyActiveProfile: name=Profile 1 path=C:\Users\Charles\Downloads\Sifu Modding\Movesets Prototypes\Moveset Maker\SifuMovesetEditor\bin\Debug\net10.0-windows\SifuMovesetEditor.exe.WebView2\EBWebView\Default lastActive=2026-09-15T18:03:16.618Z
2026-09-15 21:57:44.532: [INFO] OnDoneLoading sync enabled: 0
2026-09-15 21:57:44.532: [INFO] BookmarkModelLoaded, ids_reassigned: 0
2026-09-15 21:57:44.532: [INFO] BookmarksLoadDropped droppedNodes=0
2026-09-15 21:57:44.532: [INFO] BookmarksSnapshot Startup total=0 bar=0 other=0 mobile=0 showBar=0 showBarNTP=1
2026-09-15 22:16:19.711: [INFO] BookmarksSnapshot Shutdown total=0 bar=0 other=0 mobile=0 showBar=0 showBarNTP=1
2026-09-15 22:19:46.006: [INFO] CurrentProfilePath: C:\Users\Charles\Downloads\Sifu Modding\Movesets Prototypes\Moveset Maker\SifuMovesetEditor\bin\Debug\net10.0-windows\SifuMovesetEditor.exe.WebView2\EBWebView\Default
2026-09-15 22:19:46.006: [INFO] Profiles total count: 1
2026-09-15 22:19:46.006: [INFO] Profile: name=Profile 1 path=C:\Users\Charles\Downloads\Sifu Modding\Movesets Prototypes\Moveset Maker\SifuMovesetEditor\bin\Debug\net10.0-windows\SifuMovesetEditor.exe.WebView2\EBWebView\Default lastActive=2026-09-15T21:59:13.065Z
2026-09-15 22:19:46.006: [INFO] LastUsedProfileDir: C:\Users\Charles\Downloads\Sifu Modding\Movesets Prototypes\Moveset Maker\SifuMovesetEditor\bin\Debug\net10.0-windows\SifuMovesetEditor.exe.WebView2\EBWebView\Default
2026-09-15 22:19:46.006: [INFO] MostRecentlyActiveProfile: name=Profile 1 path=C:\Users\Charles\Downloads\Sifu Modding\Movesets Prototypes\Moveset Maker\SifuMovesetEditor\bin\Debug\net10.0-windows\SifuMovesetEditor.exe.WebView2\EBWebView\Default lastActive=2026-09-15T21:59:13.065Z
2026-09-15 22:19:46.006: [INFO] OnDoneLoading sync enabled: 0
2026-09-15 22:19:46.006: [INFO] BookmarkModelLoaded, ids_reassigned: 0
2026-09-15 22:19:46.006: [INFO] BookmarksLoadDropped droppedNodes=0
2026-09-15 22:19:46.006: [INFO] BookmarksSnapshot Startup total=0 bar=0 other=0 mobile=0 showBar=0 showBarNTP=1
2026-09-15 22:39:43.199: [INFO] BookmarksSnapshot Shutdown total=0 bar=0 other=0 mobile=0 showBar=0 showBarNTP=1
2026-09-15 22:50:13.415: [INFO] CurrentProfilePath: C:\Users\Charles\Downloads\Sifu Modding\Movesets Prototypes\Moveset Maker\SifuMovesetEditor\bin\Debug\net10.0-windows\SifuMovesetEditor.exe.WebView2\EBWebView\Default
2026-09-15 22:50:13.415: [INFO] Profiles total count: 1
2026-09-15 22:50:13.415: [INFO] Profile: name=Profile 1 path=C:\Users\Charles\Downloads\Sifu Modding\Movesets Prototypes\Moveset Maker\SifuMovesetEditor\bin\Debug\net10.0-windows\SifuMovesetEditor.exe.WebView2\EBWebView\Default lastActive=2026-09-15T22:23:13.312Z
2026-09-15 22:50:13.415: [INFO] LastUsedProfileDir: C:\Users\Charles\Downloads\Sifu Modding\Movesets Prototypes\Moveset Maker\SifuMovesetEditor\bin\Debug\net10.0-windows\SifuMovesetEditor.exe.WebView2\EBWebView\Default
2026-09-15 22:50:13.415: [INFO] MostRecentlyActiveProfile: name=Profile 1 path=C:\Users\Charles\Downloads\Sifu Modding\Movesets Prototypes\Moveset Maker\SifuMovesetEditor\bin\Debug\net10.0-windows\SifuMovesetEditor.exe.WebView2\EBWebView\Default lastActive=2026-09-15T22:23:13.312Z
2026-09-15 22:50:13.415: [INFO] OnDoneLoading sync enabled: 0
2026-09-15 22:50:13.415: [INFO] BookmarkModelLoaded, ids_reassigned: 0
2026-09-15 22:50:13.415: [INFO] BookmarksLoadDropped droppedNodes=0
2026-09-15 22:50:13.415: [INFO] BookmarksSnapshot Startup total=0 bar=0 other=0 mobile=0 showBar=0 showBarNTP=1
2026-09-15 23:05:45.930: [INFO] BookmarksSnapshot Shutdown total=0 bar=0 other=0 mobile=0 showBar=0 showBarNTP=1
2026-09-15 23:14:02.064: [INFO] CurrentProfilePath: C:\Users\Charles\Downloads\Sifu Modding\Movesets Prototypes\Moveset Maker\SifuMovesetEditor\bin\Debug\net10.0-windows\SifuMovesetEditor.exe.WebView2\EBWebView\Default
2026-09-15 23:14:02.064: [INFO] Profiles total count: 1
2026-09-15 23:14:02.064: [INFO] Profile: name=Profile 1 path=C:\Users\Charles\Downloads\Sifu Modding\Movesets Prototypes\Moveset Maker\SifuMovesetEditor\bin\Debug\net10.0-windows\SifuMovesetEditor.exe.WebView2\EBWebView\Default lastActive=2026-09-15T22:54:01.710Z
2026-09-15 23:14:02.064: [INFO] LastUsedProfileDir: C:\Users\Charles\Downloads\Sifu Modding\Movesets Prototypes\Moveset Maker\SifuMovesetEditor\bin\Debug\net10.0-windows\SifuMovesetEditor.exe.WebView2\EBWebView\Default
2026-09-15 23:14:02.064: [INFO] MostRecentlyActiveProfile: name=Profile 1 path=C:\Users\Charles\Downloads\Sifu Modding\Movesets Prototypes\Moveset Maker\SifuMovesetEditor\bin\Debug\net10.0-windows\SifuMovesetEditor.exe.WebView2\EBWebView\Default lastActive=2026-09-15T22:54:01.710Z
2026-09-15 23:14:02.064: [INFO] OnDoneLoading sync enabled: 0
2026-09-15 23:14:02.064: [INFO] BookmarkModelLoaded, ids_reassigned: 0
2026-09-15 23:14:02.064: [INFO] BookmarksLoadDropped droppedNodes=0
2026-09-15 23:14:02.064: [INFO] BookmarksSnapshot Startup total=0 bar=0 other=0 mobile=0 showBar=0 showBarNTP=1
2026-09-15 23:26:53.752: [INFO] BookmarksSnapshot Shutdown total=0 bar=0 other=0 mobile=0 showBar=0 showBarNTP=1
2026-09-15 23:33:38.031: [INFO] CurrentProfilePath: C:\Users\Charles\Downloads\Sifu Modding\Movesets Prototypes\Moveset Maker\SifuMovesetEditor\bin\Debug\net10.0-windows\SifuMovesetEditor.exe.WebView2\EBWebView\Default
2026-09-15 23:33:38.031: [INFO] Profiles total count: 1
2026-09-15 23:33:38.031: [INFO] Profile: name=Profile 1 path=C:\Users\Charles\Downloads\Sifu Modding\Movesets Prototypes\Moveset Maker\SifuMovesetEditor\bin\Debug\net10.0-windows\SifuMovesetEditor.exe.WebView2\EBWebView\Default lastActive=2026-09-15T23:15:25.393Z
2026-09-15 23:33:38.031: [INFO] LastUsedProfileDir: C:\Users\Charles\Downloads\Sifu Modding\Movesets Prototypes\Moveset Maker\SifuMovesetEditor\bin\Debug\net10.0-windows\SifuMovesetEditor.exe.WebView2\EBWebView\Default
2026-09-15 23:33:38.031: [INFO] MostRecentlyActiveProfile: name=Profile 1 path=C:\Users\Charles\Downloads\Sifu Modding\Movesets Prototypes\Moveset Maker\SifuMovesetEditor\bin\Debug\net10.0-windows\SifuMovesetEditor.exe.WebView2\EBWebView\Default lastActive=2026-09-15T23:15:25.393Z
2026-09-15 23:33:38.031: [INFO] OnDoneLoading sync enabled: 0
2026-09-15 23:33:38.031: [INFO] BookmarkModelLoaded, ids_reassigned: 0
2026-09-15 23:33:38.031: [INFO] BookmarksLoadDropped droppedNodes=0
2026-09-15 23:33:38.031: [INFO] BookmarksSnapshot Startup total=0 bar=0 other=0 mobile=0 showBar=0 showBarNTP=1
2026-09-15 23:54:42.268: [INFO] BookmarksSnapshot Shutdown total=0 bar=0 other=0 mobile=0 showBar=0 showBarNTP=1
2026-09-16 00:02:25.669: [INFO] CurrentProfilePath: C:\Users\Charles\Downloads\Sifu Modding\Movesets Prototypes\Moveset Maker\SifuMovesetEditor\bin\Debug\net10.0-windows\SifuMovesetEditor.exe.WebView2\EBWebView\Default
2026-09-16 00:02:25.669: [INFO] Profiles total count: 1
2026-09-16 00:02:25.669: [INFO] Profile: name=Profile 1 path=C:\Users\Charles\Downloads\Sifu Modding\Movesets Prototypes\Moveset Maker\SifuMovesetEditor\bin\Debug\net10.0-windows\SifuMovesetEditor.exe.WebView2\EBWebView\Default lastActive=2026-09-15T23:37:02.623Z
2026-09-16 00:02:25.669: [INFO] LastUsedProfileDir: C:\Users\Charles\Downloads\Sifu Modding\Movesets Prototypes\Moveset Maker\SifuMovesetEditor\bin\Debug\net10.0-windows\SifuMovesetEditor.exe.WebView2\EBWebView\Default
2026-09-16 00:02:25.669: [INFO] MostRecentlyActiveProfile: name=Profile 1 path=C:\Users\Charles\Downloads\Sifu Modding\Movesets Prototypes\Moveset Maker\SifuMovesetEditor\bin\Debug\net10.0-windows\SifuMovesetEditor.exe.WebView2\EBWebView\Default lastActive=2026-09-15T23:37:02.623Z
2026-09-16 00:02:25.669: [INFO] OnDoneLoading sync enabled: 0
2026-09-16 00:02:25.669: [INFO] BookmarkModelLoaded, ids_reassigned: 0
2026-09-16 00:02:25.669: [INFO] BookmarksLoadDropped droppedNodes=0
2026-09-16 00:02:25.669: [INFO] BookmarksSnapshot Startup total=0 bar=0 other=0 mobile=0 showBar=0 showBarNTP=1
2026-09-16 00:18:49.188: [INFO] BookmarksSnapshot Shutdown total=0 bar=0 other=0 mobile=0 showBar=0 showBarNTP=1
2026-09-16 00:19:47.481: [INFO] CurrentProfilePath: C:\Users\Charles\Downloads\Sifu Modding\Movesets Prototypes\Moveset Maker\SifuMovesetEditor\bin\Debug\net10.0-windows\SifuMovesetEditor.exe.WebView2\EBWebView\Default
2026-09-16 00:19:47.481: [INFO] Profiles total count: 1
2026-09-16 00:19:47.482: [INFO] Profile: name=Profile 1 path=C:\Users\Charles\Downloads\Sifu Modding\Movesets Prototypes\Moveset Maker\SifuMovesetEditor\bin\Debug\net10.0-windows\SifuMovesetEditor.exe.WebView2\EBWebView\Default lastActive=2026-09-16T00:03:55.592Z
2026-09-16 00:19:47.482: [INFO] LastUsedProfileDir: C:\Users\Charles\Downloads\Sifu Modding\Movesets Prototypes\Moveset Maker\SifuMovesetEditor\bin\Debug\net10.0-windows\SifuMovesetEditor.exe.WebView2\EBWebView\Default
2026-09-16 00:19:47.482: [INFO] MostRecentlyActiveProfile: name=Profile 1 path=C:\Users\Charles\Downloads\Sifu Modding\Movesets Prototypes\Moveset Maker\SifuMovesetEditor\bin\Debug\net10.0-windows\SifuMovesetEditor.exe.WebView2\EBWebView\Default lastActive=2026-09-16T00:03:55.592Z
2026-09-16 00:19:47.482: [INFO] OnDoneLoading sync enabled: 0
2026-09-16 00:19:47.482: [INFO] BookmarkModelLoaded, ids_reassigned: 0
2026-09-16 00:19:47.482: [INFO] BookmarksLoadDropped droppedNodes=0
2026-09-16 00:19:47.482: [INFO] BookmarksSnapshot Startup total=0 bar=0 other=0 mobile=0 showBar=0 showBarNTP=1
2026-09-16 00:26:45.084: [INFO] BookmarksSnapshot Shutdown total=0 bar=0 other=0 mobile=0 showBar=0 showBarNTP=1
2026-09-16 08:11:28.690: [INFO] CurrentProfilePath: C:\Users\Charles\Downloads\Sifu Modding\Movesets Prototypes\Moveset Maker\SifuMovesetEditor\bin\Debug\net10.0-windows\SifuMovesetEditor.exe.WebView2\EBWebView\Default
2026-09-16 08:11:28.690: [INFO] Profiles total count: 1
2026-09-16 08:11:28.690: [INFO] Profile: name=Profile 1 path=C:\Users\Charles\Downloads\Sifu Modding\Movesets Prototypes\Moveset Maker\SifuMovesetEditor\bin\Debug\net10.0-windows\SifuMovesetEditor.exe.WebView2\EBWebView\Default lastActive=2026-09-16T00:21:04.984Z
2026-09-16 08:11:28.690: [INFO] LastUsedProfileDir: C:\Users\Charles\Downloads\Sifu Modding\Movesets Prototypes\Moveset Maker\SifuMovesetEditor\bin\Debug\net10.0-windows\SifuMovesetEditor.exe.WebView2\EBWebView\Default
2026-09-16 08:11:28.690: [INFO] MostRecentlyActiveProfile: name=Profile 1 path=C:\Users\Charles\Downloads\Sifu Modding\Movesets Prototypes\Moveset Maker\SifuMovesetEditor\bin\Debug\net10.0-windows\SifuMovesetEditor.exe.WebView2\EBWebView\Default lastActive=2026-09-16T00:21:04.984Z
2026-09-16 08:11:28.690: [INFO] OnDoneLoading sync enabled: 0
2026-09-16 08:11:28.690: [INFO] BookmarkModelLoaded, ids_reassigned: 0
2026-09-16 08:11:28.690: [INFO] BookmarksLoadDropped droppedNodes=0
2026-09-16 08:11:28.690: [INFO] BookmarksSnapshot Startup total=0 bar=0 other=0 mobile=0 showBar=0 showBarNTP=1
2026-09-16 09:09:07.880: [INFO] BookmarksSnapshot Shutdown total=0 bar=0 other=0 mobile=0 showBar=0 showBarNTP=1
2026-09-16 09:13:56.314: [INFO] CurrentProfilePath: C:\Users\Charles\Downloads\Sifu Modding\Movesets Prototypes\Moveset Maker\SifuMovesetEditor\bin\Debug\net10.0-windows\SifuMovesetEditor.exe.WebView2\EBWebView\Default
2026-09-16 09:13:56.314: [INFO] Profiles total count: 1
2026-09-16 09:13:56.314: [INFO] Profile: name=Profile 1 path=C:\Users\Charles\Downloads\Sifu Modding\Movesets Prototypes\Moveset Maker\SifuMovesetEditor\bin\Debug\net10.0-windows\SifuMovesetEditor.exe.WebView2\EBWebView\Default lastActive=2026-09-16T08:38:17.322Z
2026-09-16 09:13:56.314: [INFO] LastUsedProfileDir: C:\Users\Charles\Downloads\Sifu Modding\Movesets Prototypes\Moveset Maker\SifuMovesetEditor\bin\Debug\net10.0-windows\SifuMovesetEditor.exe.WebView2\EBWebView\Default
2026-09-16 09:13:56.314: [INFO] MostRecentlyActiveProfile: name=Profile 1 path=C:\Users\Charles\Downloads\Sifu Modding\Movesets Prototypes\Moveset Maker\SifuMovesetEditor\bin\Debug\net10.0-windows\SifuMovesetEditor.exe.WebView2\EBWebView\Default lastActive=2026-09-16T08:38:17.322Z
2026-09-16 09:13:56.314: [INFO] OnDoneLoading sync enabled: 0
2026-09-16 09:13:56.314: [INFO] BookmarkModelLoaded, ids_reassigned: 0
2026-09-16 09:13:56.314: [INFO] BookmarksLoadDropped droppedNodes=0
2026-09-16 09:13:56.314: [INFO] BookmarksSnapshot Startup total=0 bar=0 other=0 mobile=0 showBar=0 showBarNTP=1
2026-09-16 09:48:26.084: [INFO] BookmarksSnapshot Shutdown total=0 bar=0 other=0 mobile=0 showBar=0 showBarNTP=1
2026-09-16 10:00:41.069: [INFO] CurrentProfilePath: C:\Users\Charles\Downloads\Sifu Modding\Movesets Prototypes\Moveset Maker\SifuMovesetEditor\bin\Debug\net10.0-windows\SifuMovesetEditor.exe.WebView2\EBWebView\Default
2026-09-16 10:00:41.069: [INFO] Profiles total count: 1
2026-09-16 10:00:41.069: [INFO] Profile: name=Profile 1 path=C:\Users\Charles\Downloads\Sifu Modding\Movesets Prototypes\Moveset Maker\SifuMovesetEditor\bin\Debug\net10.0-windows\SifuMovesetEditor.exe.WebView2\EBWebView\Default lastActive=2026-09-16T08:38:17.322Z
2026-09-16 10:00:41.069: [INFO] LastUsedProfileDir: C:\Users\Charles\Downloads\Sifu Modding\Movesets Prototypes\Moveset Maker\SifuMovesetEditor\bin\Debug\net10.0-windows\SifuMovesetEditor.exe.WebView2\EBWebView\Default
2026-09-16 10:00:41.069: [INFO] MostRecentlyActiveProfile: name=Profile 1 path=C:\Users\Charles\Downloads\Sifu Modding\Movesets Prototypes\Moveset Maker\SifuMovesetEditor\bin\Debug\net10.0-windows\SifuMovesetEditor.exe.WebView2\EBWebView\Default lastActive=2026-09-16T08:38:17.322Z
2026-09-16 10:00:41.069: [INFO] OnDoneLoading sync enabled: 0
2026-09-16 10:00:41.069: [INFO] BookmarkModelLoaded, ids_reassigned: 0
2026-09-16 10:00:41.069: [INFO] BookmarksLoadDropped droppedNodes=0
2026-09-16 10:00:41.069: [INFO] BookmarksSnapshot Startup total=0 bar=0 other=0 mobile=0 showBar=0 showBarNTP=1
2026-09-16 10:01:42.043: [INFO] BookmarksSnapshot Shutdown total=0 bar=0 other=0 mobile=0 showBar=0 showBarNTP=1
2026-09-16 10:09:28.076: [INFO] CurrentProfilePath: C:\Users\Charles\Downloads\Sifu Modding\Movesets Prototypes\Moveset Maker\SifuMovesetEditor\bin\Debug\net10.0-windows\SifuMovesetEditor.exe.WebView2\EBWebView\Default
2026-09-16 10:09:28.076: [INFO] Profiles total count: 1
2026-09-16 10:09:28.076: [INFO] Profile: name=Profile 1 path=C:\Users\Charles\Downloads\Sifu Modding\Movesets Prototypes\Moveset Maker\SifuMovesetEditor\bin\Debug\net10.0-windows\SifuMovesetEditor.exe.WebView2\EBWebView\Default lastActive=2026-09-16T08:38:17.322Z
2026-09-16 10:09:28.076: [INFO] LastUsedProfileDir: C:\Users\Charles\Downloads\Sifu Modding\Movesets Prototypes\Moveset Maker\SifuMovesetEditor\bin\Debug\net10.0-windows\SifuMovesetEditor.exe.WebView2\EBWebView\Default
2026-09-16 10:09:28.076: [INFO] MostRecentlyActiveProfile: name=Profile 1 path=C:\Users\Charles\Downloads\Sifu Modding\Movesets Prototypes\Moveset Maker\SifuMovesetEditor\bin\Debug\net10.0-windows\SifuMovesetEditor.exe.WebView2\EBWebView\Default lastActive=2026-09-16T08:38:17.322Z
2026-09-16 10:09:28.076: [INFO] OnDoneLoading sync enabled: 0
2026-09-16 10:09:28.076: [INFO] BookmarkModelLoaded, ids_reassigned: 0
2026-09-16 10:09:28.076: [INFO] BookmarksLoadDropped droppedNodes=0
2026-09-16 10:09:28.076: [INFO] BookmarksSnapshot Startup total=0 bar=0 other=0 mobile=0 showBar=0 showBarNTP=1
2026-09-16 10:13:15.107: [INFO] BookmarksSnapshot Shutdown total=0 bar=0 other=0 mobile=0 showBar=0 showBarNTP=1
2026-09-16 10:19:45.341: [INFO] CurrentProfilePath: C:\Users\Charles\Downloads\Sifu Modding\Movesets Prototypes\Moveset Maker\SifuMovesetEditor\bin\Debug\net10.0-windows\SifuMovesetEditor.exe.WebView2\EBWebView\Default
2026-09-16 10:19:45.341: [INFO] Profiles total count: 1
2026-09-16 10:19:45.341: [INFO] Profile: name=Profile 1 path=C:\Users\Charles\Downloads\Sifu Modding\Movesets Prototypes\Moveset Maker\SifuMovesetEditor\bin\Debug\net10.0-windows\SifuMovesetEditor.exe.WebView2\EBWebView\Default lastActive=2026-09-16T10:11:37.149Z
2026-09-16 10:19:45.341: [INFO] LastUsedProfileDir: C:\Users\Charles\Downloads\Sifu Modding\Movesets Prototypes\Moveset Maker\SifuMovesetEditor\bin\Debug\net10.0-windows\SifuMovesetEditor.exe.WebView2\EBWebView\Default
2026-09-16 10:19:45.341: [INFO] MostRecentlyActiveProfile: name=Profile 1 path=C:\Users\Charles\Downloads\Sifu Modding\Movesets Prototypes\Moveset Maker\SifuMovesetEditor\bin\Debug\net10.0-windows\SifuMovesetEditor.exe.WebView2\EBWebView\Default lastActive=2026-09-16T10:11:37.149Z
2026-09-16 10:19:45.341: [INFO] OnDoneLoading sync enabled: 0
2026-09-16 10:19:45.341: [INFO] BookmarkModelLoaded, ids_reassigned: 0
2026-09-16 10:19:45.341: [INFO] BookmarksLoadDropped droppedNodes=0
2026-09-16 10:19:45.341: [INFO] BookmarksSnapshot Startup total=0 bar=0 other=0 mobile=0 showBar=0 showBarNTP=1
2026-09-16 11:08:58.175: [INFO] BookmarksSnapshot Shutdown total=0 bar=0 other=0 mobile=0 showBar=0 showBarNTP=1
2026-09-16 11:25:38.014: [INFO] CurrentProfilePath: C:\Users\Charles\Downloads\Sifu Modding\Movesets Prototypes\Moveset Maker\SifuMovesetEditor\bin\Debug\net10.0-windows\SifuMovesetEditor.exe.WebView2\EBWebView\Default
2026-09-16 11:25:38.014: [INFO] Profiles total count: 1
2026-09-16 11:25:38.014: [INFO] Profile: name=Profile 1 path=C:\Users\Charles\Downloads\Sifu Modding\Movesets Prototypes\Moveset Maker\SifuMovesetEditor\bin\Debug\net10.0-windows\SifuMovesetEditor.exe.WebView2\EBWebView\Default lastActive=2026-09-16T10:20:43.359Z
2026-09-16 11:25:38.014: [INFO] LastUsedProfileDir: C:\Users\Charles\Downloads\Sifu Modding\Movesets Prototypes\Moveset Maker\SifuMovesetEditor\bin\Debug\net10.0-windows\SifuMovesetEditor.exe.WebView2\EBWebView\Default
2026-09-16 11:25:38.014: [INFO] MostRecentlyActiveProfile: name=Profile 1 path=C:\Users\Charles\Downloads\Sifu Modding\Movesets Prototypes\Moveset Maker\SifuMovesetEditor\bin\Debug\net10.0-windows\SifuMovesetEditor.exe.WebView2\EBWebView\Default lastActive=2026-09-16T10:20:43.359Z
2026-09-16 11:25:38.014: [INFO] OnDoneLoading sync enabled: 0
2026-09-16 11:25:38.014: [INFO] BookmarkModelLoaded, ids_reassigned: 0
2026-09-16 11:25:38.014: [INFO] BookmarksLoadDropped droppedNodes=0
2026-09-16 11:25:38.014: [INFO] BookmarksSnapshot Startup total=0 bar=0 other=0 mobile=0 showBar=0 showBarNTP=1
2026-09-16 11:30:57.010: [INFO] BookmarksSnapshot Shutdown total=0 bar=0 other=0 mobile=0 showBar=0 showBarNTP=1
2026-09-16 11:53:31.581: [INFO] CurrentProfilePath: C:\Users\Charles\Downloads\Sifu Modding\Movesets Prototypes\Moveset Maker\SifuMovesetEditor\bin\Debug\net10.0-windows\SifuMovesetEditor.exe.WebView2\EBWebView\Default
2026-09-16 11:53:31.581: [INFO] Profiles total count: 1
2026-09-16 11:53:31.581: [INFO] Profile: name=Profile 1 path=C:\Users\Charles\Downloads\Sifu Modding\Movesets Prototypes\Moveset Maker\SifuMovesetEditor\bin\Debug\net10.0-windows\SifuMovesetEditor.exe.WebView2\EBWebView\Default lastActive=2026-09-16T10:20:43.359Z
2026-09-16 11:53:31.581: [INFO] LastUsedProfileDir: C:\Users\Charles\Downloads\Sifu Modding\Movesets Prototypes\Moveset Maker\SifuMovesetEditor\bin\Debug\net10.0-windows\SifuMovesetEditor.exe.WebView2\EBWebView\Default
2026-09-16 11:53:31.581: [INFO] MostRecentlyActiveProfile: name=Profile 1 path=C:\Users\Charles\Downloads\Sifu Modding\Movesets Prototypes\Moveset Maker\SifuMovesetEditor\bin\Debug\net10.0-windows\SifuMovesetEditor.exe.WebView2\EBWebView\Default lastActive=2026-09-16T10:20:43.359Z
2026-09-16 11:53:31.581: [INFO] OnDoneLoading sync enabled: 0
2026-09-16 11:53:31.581: [INFO] BookmarkModelLoaded, ids_reassigned: 0
2026-09-16 11:53:31.581: [INFO] BookmarksLoadDropped droppedNodes=0
2026-09-16 11:53:31.581: [INFO] BookmarksSnapshot Startup total=0 bar=0 other=0 mobile=0 showBar=0 showBarNTP=1
2026-09-16 12:26:18.814: [INFO] BookmarksSnapshot Shutdown total=0 bar=0 other=0 mobile=0 showBar=0 showBarNTP=1
2026-09-16 13:57:59.679: [INFO] CurrentProfilePath: C:\Users\Charles\Downloads\Sifu Modding\Movesets Prototypes\Moveset Maker\SifuMovesetEditor\bin\Debug\net10.0-windows\SifuMovesetEditor.exe.WebView2\EBWebView\Default
2026-09-16 13:57:59.679: [INFO] Profiles total count: 1
2026-09-16 13:57:59.679: [INFO] Profile: name=Profile 1 path=C:\Users\Charles\Downloads\Sifu Modding\Movesets Prototypes\Moveset Maker\SifuMovesetEditor\bin\Debug\net10.0-windows\SifuMovesetEditor.exe.WebView2\EBWebView\Default lastActive=2026-09-16T10:20:43.359Z
2026-09-16 13:57:59.679: [INFO] LastUsedProfileDir: C:\Users\Charles\Downloads\Sifu Modding\Movesets Prototypes\Moveset Maker\SifuMovesetEditor\bin\Debug\net10.0-windows\SifuMovesetEditor.exe.WebView2\EBWebView\Default
2026-09-16 13:57:59.679: [INFO] MostRecentlyActiveProfile: name=Profile 1 path=C:\Users\Charles\Downloads\Sifu Modding\Movesets Prototypes\Moveset Maker\SifuMovesetEditor\bin\Debug\net10.0-windows\SifuMovesetEditor.exe.WebView2\EBWebView\Default lastActive=2026-09-16T10:20:43.359Z
2026-09-16 13:57:59.679: [INFO] OnDoneLoading sync enabled: 0
2026-09-16 13:57:59.679: [INFO] BookmarkModelLoaded, ids_reassigned: 0
2026-09-16 13:57:59.679: [INFO] BookmarksLoadDropped droppedNodes=0
2026-09-16 13:57:59.679: [INFO] BookmarksSnapshot Startup total=0 bar=0 other=0 mobile=0 showBar=0 showBarNTP=1
2026-09-16 14:55:01.012: [INFO] BookmarksSnapshot Shutdown total=0 bar=0 other=0 mobile=0 showBar=0 showBarNTP=1
2026-09-17 11:13:35.742: [INFO] CurrentProfilePath: C:\Users\Charles\Downloads\Sifu Modding\Movesets Prototypes\Moveset Maker\SifuMovesetEditor\bin\Debug\net10.0-windows\SifuMovesetEditor.exe.WebView2\EBWebView\Default
2026-09-17 11:13:35.742: [INFO] Profiles total count: 1
2026-09-17 11:13:35.742: [INFO] Profile: name=Profile 1 path=C:\Users\Charles\Downloads\Sifu Modding\Movesets Prototypes\Moveset Maker\SifuMovesetEditor\bin\Debug\net10.0-windows\SifuMovesetEditor.exe.WebView2\EBWebView\Default lastActive=2026-09-16T13:59:00.259Z
2026-09-17 11:13:35.742: [INFO] LastUsedProfileDir: C:\Users\Charles\Downloads\Sifu Modding\Movesets Prototypes\Moveset Maker\SifuMovesetEditor\bin\Debug\net10.0-windows\SifuMovesetEditor.exe.WebView2\EBWebView\Default
2026-09-17 11:13:35.742: [INFO] MostRecentlyActiveProfile: name=Profile 1 path=C:\Users\Charles\Downloads\Sifu Modding\Movesets Prototypes\Moveset Maker\SifuMovesetEditor\bin\Debug\net10.0-windows\SifuMovesetEditor.exe.WebView2\EBWebView\Default lastActive=2026-09-16T13:59:00.259Z
2026-09-17 11:13:35.742: [INFO] OnDoneLoading sync enabled: 0
2026-09-17 11:13:35.742: [INFO] BookmarkModelLoaded, ids_reassigned: 0
2026-09-17 11:13:35.742: [INFO] BookmarksLoadDropped droppedNodes=0
2026-09-17 11:13:35.742: [INFO] BookmarksSnapshot Startup total=0 bar=0 other=0 mobile=0 showBar=0 showBarNTP=1
2026-09-17 11:16:14.850: [INFO] BookmarksSnapshot Shutdown total=0 bar=0 other=0 mobile=0 showBar=0 showBarNTP=1
2026-09-17 12:32:47.180: [INFO] CurrentProfilePath: C:\Users\Charles\Downloads\Sifu Modding\Movesets Prototypes\Moveset Maker\SifuMovesetEditor\bin\Debug\net10.0-windows\SifuMovesetEditor.exe.WebView2\EBWebView\Default
2026-09-17 12:32:47.180: [INFO] Profiles total count: 1
2026-09-17 12:32:47.181: [INFO] Profile: name=Profile 1 path=C:\Users\Charles\Downloads\Sifu Modding\Movesets Prototypes\Moveset Maker\SifuMovesetEditor\bin\Debug\net10.0-windows\SifuMovesetEditor.exe.WebView2\EBWebView\Default lastActive=2026-09-16T13:59:00.259Z
2026-09-17 12:32:47.181: [INFO] LastUsedProfileDir: C:\Users\Charles\Downloads\Sifu Modding\Movesets Prototypes\Moveset Maker\SifuMovesetEditor\bin\Debug\net10.0-windows\SifuMovesetEditor.exe.WebView2\EBWebView\Default
2026-09-17 12:32:47.181: [INFO] MostRecentlyActiveProfile: name=Profile 1 path=C:\Users\Charles\Downloads\Sifu Modding\Movesets Prototypes\Moveset Maker\SifuMovesetEditor\bin\Debug\net10.0-windows\SifuMovesetEditor.exe.WebView2\EBWebView\Default lastActive=2026-09-16T13:59:00.259Z
2026-09-17 12:32:47.181: [INFO] OnDoneLoading sync enabled: 0
2026-09-17 12:32:47.181: [INFO] BookmarkModelLoaded, ids_reassigned: 0
2026-09-17 12:32:47.181: [INFO] BookmarksLoadDropped droppedNodes=0
2026-09-17 12:32:47.181: [INFO] BookmarksSnapshot Startup total=0 bar=0 other=0 mobile=0 showBar=0 showBarNTP=1
2026-09-17 12:37:56.035: [INFO] BookmarksSnapshot Shutdown total=0 bar=0 other=0 mobile=0 showBar=0 showBarNTP=1
2026-09-17 12:39:28.785: [INFO] CurrentProfilePath: C:\Users\Charles\Downloads\Sifu Modding\Movesets Prototypes\Moveset Maker\SifuMovesetEditor\bin\Debug\net10.0-windows\SifuMovesetEditor.exe.WebView2\EBWebView\Default
2026-09-17 12:39:28.785: [INFO] Profiles total count: 1
2026-09-17 12:39:28.785: [INFO] Profile: name=Profile 1 path=C:\Users\Charles\Downloads\Sifu Modding\Movesets Prototypes\Moveset Maker\SifuMovesetEditor\bin\Debug\net10.0-windows\SifuMovesetEditor.exe.WebView2\EBWebView\Default lastActive=2026-09-16T13:59:00.259Z
2026-09-17 12:39:28.785: [INFO] LastUsedProfileDir: C:\Users\Charles\Downloads\Sifu Modding\Movesets Prototypes\Moveset Maker\SifuMovesetEditor\bin\Debug\net10.0-windows\SifuMovesetEditor.exe.WebView2\EBWebView\Default
2026-09-17 12:39:28.785: [INFO] MostRecentlyActiveProfile: name=Profile 1 path=C:\Users\Charles\Downloads\Sifu Modding\Movesets Prototypes\Moveset Maker\SifuMovesetEditor\bin\Debug\net10.0-windows\SifuMovesetEditor.exe.WebView2\EBWebView\Default lastActive=2026-09-16T13:59:00.259Z
2026-09-17 12:39:28.785: [INFO] OnDoneLoading sync enabled: 0
2026-09-17 12:39:28.785: [INFO] BookmarkModelLoaded, ids_reassigned: 0
2026-09-17 12:39:28.785: [INFO] BookmarksLoadDropped droppedNodes=0
2026-09-17 12:39:28.785: [INFO] BookmarksSnapshot Startup total=0 bar=0 other=0 mobile=0 showBar=0 showBarNTP=1
2026-09-17 12:39:54.690: [INFO] BookmarksSnapshot Shutdown total=0 bar=0 other=0 mobile=0 showBar=0 showBarNTP=1
2026-09-17 12:39:58.622: [INFO] CurrentProfilePath: C:\Users\Charles\Downloads\Sifu Modding\Movesets Prototypes\Moveset Maker\SifuMovesetEditor\bin\Debug\net10.0-windows\SifuMovesetEditor.exe.WebView2\EBWebView\Default
2026-09-17 12:39:58.622: [INFO] Profiles total count: 1
2026-09-17 12:39:58.622: [INFO] Profile: name=Profile 1 path=C:\Users\Charles\Downloads\Sifu Modding\Movesets Prototypes\Moveset Maker\SifuMovesetEditor\bin\Debug\net10.0-windows\SifuMovesetEditor.exe.WebView2\EBWebView\Default lastActive=2026-09-16T13:59:00.259Z
2026-09-17 12:39:58.622: [INFO] LastUsedProfileDir: C:\Users\Charles\Downloads\Sifu Modding\Movesets Prototypes\Moveset Maker\SifuMovesetEditor\bin\Debug\net10.0-windows\SifuMovesetEditor.exe.WebView2\EBWebView\Default
2026-09-17 12:39:58.622: [INFO] MostRecentlyActiveProfile: name=Profile 1 path=C:\Users\Charles\Downloads\Sifu Modding\Movesets Prototypes\Moveset Maker\SifuMovesetEditor\bin\Debug\net10.0-windows\SifuMovesetEditor.exe.WebView2\EBWebView\Default lastActive=2026-09-16T13:59:00.259Z
2026-09-17 12:39:58.622: [INFO] OnDoneLoading sync enabled: 0
2026-09-17 12:39:58.622: [INFO] BookmarkModelLoaded, ids_reassigned: 0
2026-09-17 12:39:58.622: [INFO] BookmarksLoadDropped droppedNodes=0
2026-09-17 12:39:58.622: [INFO] BookmarksSnapshot Startup total=0 bar=0 other=0 mobile=0 showBar=0 showBarNTP=1
2026-09-17 12:40:45.956: [INFO] BookmarksSnapshot Shutdown total=0 bar=0 other=0 mobile=0 showBar=0 showBarNTP=1
2026-09-17 12:47:42.761: [INFO] CurrentProfilePath: C:\Users\Charles\Downloads\Sifu Modding\Movesets Prototypes\Moveset Maker\SifuMovesetEditor\bin\Debug\net10.0-windows\SifuMovesetEditor.exe.WebView2\EBWebView\Default
2026-09-17 12:47:42.761: [INFO] Profiles total count: 1
2026-09-17 12:47:42.761: [INFO] Profile: name=Profile 1 path=C:\Users\Charles\Downloads\Sifu Modding\Movesets Prototypes\Moveset Maker\SifuMovesetEditor\bin\Debug\net10.0-windows\SifuMovesetEditor.exe.WebView2\EBWebView\Default lastActive=2026-09-16T13:59:00.259Z
2026-09-17 12:47:42.761: [INFO] LastUsedProfileDir: C:\Users\Charles\Downloads\Sifu Modding\Movesets Prototypes\Moveset Maker\SifuMovesetEditor\bin\Debug\net10.0-windows\SifuMovesetEditor.exe.WebView2\EBWebView\Default
2026-09-17 12:47:42.761: [INFO] MostRecentlyActiveProfile: name=Profile 1 path=C:\Users\Charles\Downloads\Sifu Modding\Movesets Prototypes\Moveset Maker\SifuMovesetEditor\bin\Debug\net10.0-windows\SifuMovesetEditor.exe.WebView2\EBWebView\Default lastActive=2026-09-16T13:59:00.259Z
2026-09-17 12:47:42.761: [INFO] OnDoneLoading sync enabled: 0
2026-09-17 12:47:42.761: [INFO] BookmarkModelLoaded, ids_reassigned: 0
2026-09-17 12:47:42.761: [INFO] BookmarksLoadDropped droppedNodes=0
2026-09-17 12:47:42.761: [INFO] BookmarksSnapshot Startup total=0 bar=0 other=0 mobile=0 showBar=0 showBarNTP=1
2026-09-17 12:50:19.266: [INFO] BookmarksSnapshot Shutdown total=0 bar=0 other=0 mobile=0 showBar=0 showBarNTP=1
2026-09-17 12:53:40.786: [INFO] CurrentProfilePath: C:\Users\Charles\Downloads\Sifu Modding\Movesets Prototypes\Moveset Maker\SifuMovesetEditor\bin\Debug\net10.0-windows\SifuMovesetEditor.exe.WebView2\EBWebView\Default
2026-09-17 12:53:40.786: [INFO] Profiles total count: 1
2026-09-17 12:53:40.786: [INFO] Profile: name=Profile 1 path=C:\Users\Charles\Downloads\Sifu Modding\Movesets Prototypes\Moveset Maker\SifuMovesetEditor\bin\Debug\net10.0-windows\SifuMovesetEditor.exe.WebView2\EBWebView\Default lastActive=2026-09-17T12:49:12.304Z
2026-09-17 12:53:40.786: [INFO] LastUsedProfileDir: C:\Users\Charles\Downloads\Sifu Modding\Movesets Prototypes\Moveset Maker\SifuMovesetEditor\bin\Debug\net10.0-windows\SifuMovesetEditor.exe.WebView2\EBWebView\Default
2026-09-17 12:53:40.786: [INFO] MostRecentlyActiveProfile: name=Profile 1 path=C:\Users\Charles\Downloads\Sifu Modding\Movesets Prototypes\Moveset Maker\SifuMovesetEditor\bin\Debug\net10.0-windows\SifuMovesetEditor.exe.WebView2\EBWebView\Default lastActive=2026-09-17T12:49:12.304Z
2026-09-17 12:53:40.786: [INFO] OnDoneLoading sync enabled: 0
2026-09-17 12:53:40.786: [INFO] BookmarkModelLoaded, ids_reassigned: 0
2026-09-17 12:53:40.786: [INFO] BookmarksLoadDropped droppedNodes=0
2026-09-17 12:53:40.786: [INFO] BookmarksSnapshot Startup total=0 bar=0 other=0 mobile=0 showBar=0 showBarNTP=1
2026-09-17 13:07:49.572: [INFO] BookmarksSnapshot Shutdown total=0 bar=0 other=0 mobile=0 showBar=0 showBarNTP=1
2026-09-17 20:41:06.336: [INFO] CurrentProfilePath: C:\Users\Charles\Downloads\Sifu Modding\Movesets Prototypes\Moveset Maker\SifuMovesetEditor\bin\Debug\net10.0-windows\SifuMovesetEditor.exe.WebView2\EBWebView\Default
2026-09-17 20:41:06.336: [INFO] Profiles total count: 1
2026-09-17 20:41:06.337: [INFO] Profile: name=Profile 1 path=C:\Users\Charles\Downloads\Sifu Modding\Movesets Prototypes\Moveset Maker\SifuMovesetEditor\bin\Debug\net10.0-windows\SifuMovesetEditor.exe.WebView2\EBWebView\Default lastActive=2026-09-17T12:49:12.304Z
2026-09-17 20:41:06.337: [INFO] LastUsedProfileDir: C:\Users\Charles\Downloads\Sifu Modding\Movesets Prototypes\Moveset Maker\SifuMovesetEditor\bin\Debug\net10.0-windows\SifuMovesetEditor.exe.WebView2\EBWebView\Default
2026-09-17 20:41:06.337: [INFO] MostRecentlyActiveProfile: name=Profile 1 path=C:\Users\Charles\Downloads\Sifu Modding\Movesets Prototypes\Moveset Maker\SifuMovesetEditor\bin\Debug\net10.0-windows\SifuMovesetEditor.exe.WebView2\EBWebView\Default lastActive=2026-09-17T12:49:12.304Z
2026-09-17 20:41:06.337: [INFO] OnDoneLoading sync enabled: 0
2026-09-17 20:41:06.337: [INFO] BookmarkModelLoaded, ids_reassigned: 0
2026-09-17 20:41:06.337: [INFO] BookmarksLoadDropped droppedNodes=0
2026-09-17 20:41:06.337: [INFO] BookmarksSnapshot Startup total=0 bar=0 other=0 mobile=0 showBar=0 showBarNTP=1
2026-09-17 20:49:17.376: [INFO] BookmarksSnapshot Shutdown total=0 bar=0 other=0 mobile=0 showBar=0 showBarNTP=1
2026-09-17 20:49:28.129: [INFO] CurrentProfilePath: C:\Users\Charles\Downloads\Sifu Modding\Movesets Prototypes\Moveset Maker\SifuMovesetEditor\bin\Debug\net10.0-windows\SifuMovesetEditor.exe.WebView2\EBWebView\Default
2026-09-17 20:49:28.129: [INFO] Profiles total count: 1
2026-09-17 20:49:28.129: [INFO] Profile: name=Profile 1 path=C:\Users\Charles\Downloads\Sifu Modding\Movesets Prototypes\Moveset Maker\SifuMovesetEditor\bin\Debug\net10.0-windows\SifuMovesetEditor.exe.WebView2\EBWebView\Default lastActive=2026-09-17T12:49:12.304Z
2026-09-17 20:49:28.129: [INFO] LastUsedProfileDir: C:\Users\Charles\Downloads\Sifu Modding\Movesets Prototypes\Moveset Maker\SifuMovesetEditor\bin\Debug\net10.0-windows\SifuMovesetEditor.exe.WebView2\EBWebView\Default
2026-09-17 20:49:28.129: [INFO] MostRecentlyActiveProfile: name=Profile 1 path=C:\Users\Charles\Downloads\Sifu Modding\Movesets Prototypes\Moveset Maker\SifuMovesetEditor\bin\Debug\net10.0-windows\SifuMovesetEditor.exe.WebView2\EBWebView\Default lastActive=2026-09-17T12:49:12.304Z
2026-09-17 20:49:28.129: [INFO] OnDoneLoading sync enabled: 0
2026-09-17 20:49:28.129: [INFO] BookmarkModelLoaded, ids_reassigned: 0
2026-09-17 20:49:28.129: [INFO] BookmarksLoadDropped droppedNodes=0
2026-09-17 20:49:28.129: [INFO] BookmarksSnapshot Startup total=0 bar=0 other=0 mobile=0 showBar=0 showBarNTP=1
2026-09-17 20:54:55.481: [INFO] BookmarksSnapshot Shutdown total=0 bar=0 other=0 mobile=0 showBar=0 showBarNTP=1
2026-09-17 21:12:45.971: [INFO] CurrentProfilePath: C:\Users\Charles\Downloads\Sifu Modding\Movesets Prototypes\Moveset Maker\SifuMovesetEditor\bin\Debug\net10.0-windows\SifuMovesetEditor.exe.WebView2\EBWebView\Default
2026-09-17 21:12:45.971: [INFO] Profiles total count: 1
2026-09-17 21:12:45.971: [INFO] Profile: name=Profile 1 path=C:\Users\Charles\Downloads\Sifu Modding\Movesets Prototypes\Moveset Maker\SifuMovesetEditor\bin\Debug\net10.0-windows\SifuMovesetEditor.exe.WebView2\EBWebView\Default lastActive=2026-09-17T12:49:12.304Z
2026-09-17 21:12:45.971: [INFO] LastUsedProfileDir: C:\Users\Charles\Downloads\Sifu Modding\Movesets Prototypes\Moveset Maker\SifuMovesetEditor\bin\Debug\net10.0-windows\SifuMovesetEditor.exe.WebView2\EBWebView\Default
2026-09-17 21:12:45.971: [INFO] MostRecentlyActiveProfile: name=Profile 1 path=C:\Users\Charles\Downloads\Sifu Modding\Movesets Prototypes\Moveset Maker\SifuMovesetEditor\bin\Debug\net10.0-windows\SifuMovesetEditor.exe.WebView2\EBWebView\Default lastActive=2026-09-17T12:49:12.304Z
2026-09-17 21:12:45.971: [INFO] OnDoneLoading sync enabled: 0
2026-09-17 21:12:45.971: [INFO] BookmarkModelLoaded, ids_reassigned: 0
2026-09-17 21:12:45.971: [INFO] BookmarksLoadDropped droppedNodes=0
2026-09-17 21:12:45.971: [INFO] BookmarksSnapshot Startup total=0 bar=0 other=0 mobile=0 showBar=0 showBarNTP=1
2026-09-17 22:10:38.338: [INFO] BookmarksSnapshot Shutdown total=0 bar=0 other=0 mobile=0 showBar=0 showBarNTP=1
2026-09-17 22:32:19.126: [INFO] CurrentProfilePath: C:\Users\Charles\Downloads\Sifu Modding\Movesets Prototypes\Moveset Maker\SifuMovesetEditor\bin\Debug\net10.0-windows\SifuMovesetEditor.exe.WebView2\EBWebView\Default
2026-09-17 22:32:19.126: [INFO] Profiles total count: 1
2026-09-17 22:32:19.126: [INFO] Profile: name=Profile 1 path=C:\Users\Charles\Downloads\Sifu Modding\Movesets Prototypes\Moveset Maker\SifuMovesetEditor\bin\Debug\net10.0-windows\SifuMovesetEditor.exe.WebView2\EBWebView\Default lastActive=2026-09-17T12:49:12.304Z
2026-09-17 22:32:19.126: [INFO] LastUsedProfileDir: C:\Users\Charles\Downloads\Sifu Modding\Movesets Prototypes\Moveset Maker\SifuMovesetEditor\bin\Debug\net10.0-windows\SifuMovesetEditor.exe.WebView2\EBWebView\Default
2026-09-17 22:32:19.126: [INFO] MostRecentlyActiveProfile: name=Profile 1 path=C:\Users\Charles\Downloads\Sifu Modding\Movesets Prototypes\Moveset Maker\SifuMovesetEditor\bin\Debug\net10.0-windows\SifuMovesetEditor.exe.WebView2\EBWebView\Default lastActive=2026-09-17T12:49:12.304Z
2026-09-17 22:32:19.126: [INFO] OnDoneLoading sync enabled: 0
2026-09-17 22:32:19.126: [INFO] BookmarkModelLoaded, ids_reassigned: 0
2026-09-17 22:32:19.126: [INFO] BookmarksLoadDropped droppedNodes=0
2026-09-17 22:32:19.126: [INFO] BookmarksSnapshot Startup total=0 bar=0 other=0 mobile=0 showBar=0 showBarNTP=1
2026-09-17 22:47:38.795: [INFO] BookmarksSnapshot Shutdown total=0 bar=0 other=0 mobile=0 showBar=0 showBarNTP=1
2026-09-17 22:48:19.958: [INFO] CurrentProfilePath: C:\Users\Charles\Downloads\Sifu Modding\Movesets Prototypes\Moveset Maker\SifuMovesetEditor\bin\Debug\net10.0-windows\SifuMovesetEditor.exe.WebView2\EBWebView\Default
2026-09-17 22:48:19.958: [INFO] Profiles total count: 1
2026-09-17 22:48:19.959: [INFO] Profile: name=Profile 1 path=C:\Users\Charles\Downloads\Sifu Modding\Movesets Prototypes\Moveset Maker\SifuMovesetEditor\bin\Debug\net10.0-windows\SifuMovesetEditor.exe.WebView2\EBWebView\Default lastActive=2026-09-17T22:33:27.216Z
2026-09-17 22:48:19.959: [INFO] LastUsedProfileDir: C:\Users\Charles\Downloads\Sifu Modding\Movesets Prototypes\Moveset Maker\SifuMovesetEditor\bin\Debug\net10.0-windows\SifuMovesetEditor.exe.WebView2\EBWebView\Default
2026-09-17 22:48:19.959: [INFO] MostRecentlyActiveProfile: name=Profile 1 path=C:\Users\Charles\Downloads\Sifu Modding\Movesets Prototypes\Moveset Maker\SifuMovesetEditor\bin\Debug\net10.0-windows\SifuMovesetEditor.exe.WebView2\EBWebView\Default lastActive=2026-09-17T22:33:27.216Z
2026-09-17 22:48:19.959: [INFO] OnDoneLoading sync enabled: 0
2026-09-17 22:48:19.959: [INFO] BookmarkModelLoaded, ids_reassigned: 0
2026-09-17 22:48:19.959: [INFO] BookmarksLoadDropped droppedNodes=0
2026-09-17 22:48:19.959: [INFO] BookmarksSnapshot Startup total=0 bar=0 other=0 mobile=0 showBar=0 showBarNTP=1
2026-09-17 22:50:00.051: [INFO] BookmarksSnapshot Shutdown total=0 bar=0 other=0 mobile=0 showBar=0 showBarNTP=1
2026-09-17 22:53:43.991: [INFO] CurrentProfilePath: C:\Users\Charles\Downloads\Sifu Modding\Movesets Prototypes\Moveset Maker\SifuMovesetEditor\bin\Debug\net10.0-windows\SifuMovesetEditor.exe.WebView2\EBWebView\Default
2026-09-17 22:53:43.991: [INFO] Profiles total count: 1
2026-09-17 22:53:43.992: [INFO] Profile: name=Profile 1 path=C:\Users\Charles\Downloads\Sifu Modding\Movesets Prototypes\Moveset Maker\SifuMovesetEditor\bin\Debug\net10.0-windows\SifuMovesetEditor.exe.WebView2\EBWebView\Default lastActive=2026-09-17T22:33:27.216Z
2026-09-17 22:53:43.992: [INFO] LastUsedProfileDir: C:\Users\Charles\Downloads\Sifu Modding\Movesets Prototypes\Moveset Maker\SifuMovesetEditor\bin\Debug\net10.0-windows\SifuMovesetEditor.exe.WebView2\EBWebView\Default
2026-09-17 22:53:43.992: [INFO] MostRecentlyActiveProfile: name=Profile 1 path=C:\Users\Charles\Downloads\Sifu Modding\Movesets Prototypes\Moveset Maker\SifuMovesetEditor\bin\Debug\net10.0-windows\SifuMovesetEditor.exe.WebView2\EBWebView\Default lastActive=2026-09-17T22:33:27.216Z
2026-09-17 22:53:43.992: [INFO] OnDoneLoading sync enabled: 0
2026-09-17 22:53:43.992: [INFO] BookmarkModelLoaded, ids_reassigned: 0
2026-09-17 22:53:43.992: [INFO] BookmarksLoadDropped droppedNodes=0
2026-09-17 22:53:43.992: [INFO] BookmarksSnapshot Startup total=0 bar=0 other=0 mobile=0 showBar=0 showBarNTP=1
2026-09-17 22:55:56.535: [INFO] BookmarksSnapshot Shutdown total=0 bar=0 other=0 mobile=0 showBar=0 showBarNTP=1
2026-09-17 23:11:39.898: [INFO] CurrentProfilePath: C:\Users\Charles\Downloads\Sifu Modding\Movesets Prototypes\Moveset Maker\SifuMovesetEditor\bin\Debug\net10.0-windows\SifuMovesetEditor.exe.WebView2\EBWebView\Default
2026-09-17 23:11:39.898: [INFO] Profiles total count: 1
2026-09-17 23:11:39.898: [INFO] Profile: name=Profile 1 path=C:\Users\Charles\Downloads\Sifu Modding\Movesets Prototypes\Moveset Maker\SifuMovesetEditor\bin\Debug\net10.0-windows\SifuMovesetEditor.exe.WebView2\EBWebView\Default lastActive=2026-09-17T22:33:27.216Z
2026-09-17 23:11:39.898: [INFO] LastUsedProfileDir: C:\Users\Charles\Downloads\Sifu Modding\Movesets Prototypes\Moveset Maker\SifuMovesetEditor\bin\Debug\net10.0-windows\SifuMovesetEditor.exe.WebView2\EBWebView\Default
2026-09-17 23:11:39.898: [INFO] MostRecentlyActiveProfile: name=Profile 1 path=C:\Users\Charles\Downloads\Sifu Modding\Movesets Prototypes\Moveset Maker\SifuMovesetEditor\bin\Debug\net10.0-windows\SifuMovesetEditor.exe.WebView2\EBWebView\Default lastActive=2026-09-17T22:33:27.216Z
2026-09-17 23:11:39.898: [INFO] OnDoneLoading sync enabled: 0
2026-09-17 23:11:39.898: [INFO] BookmarkModelLoaded, ids_reassigned: 0
2026-09-17 23:11:39.898: [INFO] BookmarksLoadDropped droppedNodes=0
2026-09-17 23:11:39.898: [INFO] BookmarksSnapshot Startup total=0 bar=0 other=0 mobile=0 showBar=0 showBarNTP=1
2026-09-17 23:18:39.003: [INFO] BookmarksSnapshot Shutdown total=0 bar=0 other=0 mobile=0 showBar=0 showBarNTP=1
2026-09-18 10:41:42.035: [INFO] CurrentProfilePath: C:\Users\Charles\Downloads\Sifu Modding\Movesets Prototypes\Moveset Maker\SifuMovesetEditor\bin\Debug\net10.0-windows\SifuMovesetEditor.exe.WebView2\EBWebView\Default
2026-09-18 10:41:42.035: [INFO] Profiles total count: 1
2026-09-18 10:41:42.035: [INFO] Profile: name=Profile 1 path=C:\Users\Charles\Downloads\Sifu Modding\Movesets Prototypes\Moveset Maker\SifuMovesetEditor\bin\Debug\net10.0-windows\SifuMovesetEditor.exe.WebView2\EBWebView\Default lastActive=2026-09-17T22:33:27.216Z
2026-09-18 10:41:42.035: [INFO] LastUsedProfileDir: C:\Users\Charles\Downloads\Sifu Modding\Movesets Prototypes\Moveset Maker\SifuMovesetEditor\bin\Debug\net10.0-windows\SifuMovesetEditor.exe.WebView2\EBWebView\Default
2026-09-18 10:41:42.035: [INFO] MostRecentlyActiveProfile: name=Profile 1 path=C:\Users\Charles\Downloads\Sifu Modding\Movesets Prototypes\Moveset Maker\SifuMovesetEditor\bin\Debug\net10.0-windows\SifuMovesetEditor.exe.WebView2\EBWebView\Default lastActive=2026-09-17T22:33:27.216Z
2026-09-18 10:41:42.035: [INFO] OnDoneLoading sync enabled: 0
2026-09-18 10:41:42.035: [INFO] BookmarkModelLoaded, ids_reassigned: 0
2026-09-18 10:41:42.035: [INFO] BookmarksLoadDropped droppedNodes=0
2026-09-18 10:41:42.035: [INFO] BookmarksSnapshot Startup total=0 bar=0 other=0 mobile=0 showBar=0 showBarNTP=1
2026-09-18 10:57:00.878: [INFO] BookmarksSnapshot Shutdown total=0 bar=0 other=0 mobile=0 showBar=0 showBarNTP=1
2026-09-18 11:51:16.835: [INFO] CurrentProfilePath: C:\Users\Charles\Downloads\Sifu Modding\Movesets Prototypes\Moveset Maker\SifuMovesetEditor\bin\Debug\net10.0-windows\SifuMovesetEditor.exe.WebView2\EBWebView\Default
2026-09-18 11:51:16.835: [INFO] Profiles total count: 1
2026-09-18 11:51:16.835: [INFO] Profile: name=Profile 1 path=C:\Users\Charles\Downloads\Sifu Modding\Movesets Prototypes\Moveset Maker\SifuMovesetEditor\bin\Debug\net10.0-windows\SifuMovesetEditor.exe.WebView2\EBWebView\Default lastActive=2026-09-17T22:33:27.216Z
2026-09-18 11:51:16.835: [INFO] LastUsedProfileDir: C:\Users\Charles\Downloads\Sifu Modding\Movesets Prototypes\Moveset Maker\SifuMovesetEditor\bin\Debug\net10.0-windows\SifuMovesetEditor.exe.WebView2\EBWebView\Default
2026-09-18 11:51:16.835: [INFO] MostRecentlyActiveProfile: name=Profile 1 path=C:\Users\Charles\Downloads\Sifu Modding\Movesets Prototypes\Moveset Maker\SifuMovesetEditor\bin\Debug\net10.0-windows\SifuMovesetEditor.exe.WebView2\EBWebView\Default lastActive=2026-09-17T22:33:27.216Z
2026-09-18 11:51:16.835: [INFO] OnDoneLoading sync enabled: 0
2026-09-18 11:51:16.835: [INFO] BookmarkModelLoaded, ids_reassigned: 0
2026-09-18 11:51:16.835: [INFO] BookmarksLoadDropped droppedNodes=0
2026-09-18 11:51:16.835: [INFO] BookmarksSnapshot Startup total=0 bar=0 other=0 mobile=0 showBar=0 showBarNTP=1
2026-09-18 12:51:58.430: [INFO] BookmarksSnapshot Shutdown total=0 bar=0 other=0 mobile=0 showBar=0 showBarNTP=1
2026-09-18 13:35:17.142: [INFO] CurrentProfilePath: C:\Users\Charles\Downloads\Sifu Modding\Movesets Prototypes\Moveset Maker\SifuMovesetEditor\bin\Debug\net10.0-windows\SifuMovesetEditor.exe.WebView2\EBWebView\Default
2026-09-18 13:35:17.142: [INFO] Profiles total count: 1
2026-09-18 13:35:17.142: [INFO] Profile: name=Profile 1 path=C:\Users\Charles\Downloads\Sifu Modding\Movesets Prototypes\Moveset Maker\SifuMovesetEditor\bin\Debug\net10.0-windows\SifuMovesetEditor.exe.WebView2\EBWebView\Default lastActive=2026-09-18T11:52:35.492Z
2026-09-18 13:35:17.142: [INFO] LastUsedProfileDir: C:\Users\Charles\Downloads\Sifu Modding\Movesets Prototypes\Moveset Maker\SifuMovesetEditor\bin\Debug\net10.0-windows\SifuMovesetEditor.exe.WebView2\EBWebView\Default
2026-09-18 13:35:17.142: [INFO] MostRecentlyActiveProfile: name=Profile 1 path=C:\Users\Charles\Downloads\Sifu Modding\Movesets Prototypes\Moveset Maker\SifuMovesetEditor\bin\Debug\net10.0-windows\SifuMovesetEditor.exe.WebView2\EBWebView\Default lastActive=2026-09-18T11:52:35.492Z
2026-09-18 13:35:17.142: [INFO] OnDoneLoading sync enabled: 0
2026-09-18 13:35:17.142: [INFO] BookmarkModelLoaded, ids_reassigned: 0
2026-09-18 13:35:17.142: [INFO] BookmarksLoadDropped droppedNodes=0
2026-09-18 13:35:17.142: [INFO] BookmarksSnapshot Startup total=0 bar=0 other=0 mobile=0 showBar=0 showBarNTP=1
2026-09-18 13:40:26.445: [INFO] BookmarksSnapshot Shutdown total=0 bar=0 other=0 mobile=0 showBar=0 showBarNTP=1
2026-09-18 13:42:32.918: [INFO] CurrentProfilePath: C:\Users\Charles\Downloads\Sifu Modding\Movesets Prototypes\Moveset Maker\SifuMovesetEditor\bin\Debug\net10.0-windows\SifuMovesetEditor.exe.WebView2\EBWebView\Default
2026-09-18 13:42:32.918: [INFO] Profiles total count: 1
2026-09-18 13:42:32.918: [INFO] Profile: name=Profile 1 path=C:\Users\Charles\Downloads\Sifu Modding\Movesets Prototypes\Moveset Maker\SifuMovesetEditor\bin\Debug\net10.0-windows\SifuMovesetEditor.exe.WebView2\EBWebView\Default lastActive=2026-09-18T13:36:20.553Z
2026-09-18 13:42:32.918: [INFO] LastUsedProfileDir: C:\Users\Charles\Downloads\Sifu Modding\Movesets Prototypes\Moveset Maker\SifuMovesetEditor\bin\Debug\net10.0-windows\SifuMovesetEditor.exe.WebView2\EBWebView\Default
2026-09-18 13:42:32.918: [INFO] MostRecentlyActiveProfile: name=Profile 1 path=C:\Users\Charles\Downloads\Sifu Modding\Movesets Prototypes\Moveset Maker\SifuMovesetEditor\bin\Debug\net10.0-windows\SifuMovesetEditor.exe.WebView2\EBWebView\Default lastActive=2026-09-18T13:36:20.553Z
2026-09-18 13:42:32.918: [INFO] OnDoneLoading sync enabled: 0
2026-09-18 13:42:32.918: [INFO] BookmarkModelLoaded, ids_reassigned: 0
2026-09-18 13:42:32.918: [INFO] BookmarksLoadDropped droppedNodes=0
2026-09-18 13:42:32.918: [INFO] BookmarksSnapshot Startup total=0 bar=0 other=0 mobile=0 showBar=0 showBarNTP=1
2026-09-18 13:43:44.833: [INFO] BookmarksSnapshot Shutdown total=0 bar=0 other=0 mobile=0 showBar=0 showBarNTP=1
2026-09-18 13:52:44.185: [INFO] CurrentProfilePath: C:\Users\Charles\Downloads\Sifu Modding\Movesets Prototypes\Moveset Maker\SifuMovesetEditor\bin\Debug\net10.0-windows\SifuMovesetEditor.exe.WebView2\EBWebView\Default
2026-09-18 13:52:44.185: [INFO] Profiles total count: 1
2026-09-18 13:52:44.185: [INFO] Profile: name=Profile 1 path=C:\Users\Charles\Downloads\Sifu Modding\Movesets Prototypes\Moveset Maker\SifuMovesetEditor\bin\Debug\net10.0-windows\SifuMovesetEditor.exe.WebView2\EBWebView\Default lastActive=2026-09-18T13:36:20.553Z
2026-09-18 13:52:44.185: [INFO] LastUsedProfileDir: C:\Users\Charles\Downloads\Sifu Modding\Movesets Prototypes\Moveset Maker\SifuMovesetEditor\bin\Debug\net10.0-windows\SifuMovesetEditor.exe.WebView2\EBWebView\Default
2026-09-18 13:52:44.185: [INFO] MostRecentlyActiveProfile: name=Profile 1 path=C:\Users\Charles\Downloads\Sifu Modding\Movesets Prototypes\Moveset Maker\SifuMovesetEditor\bin\Debug\net10.0-windows\SifuMovesetEditor.exe.WebView2\EBWebView\Default lastActive=2026-09-18T13:36:20.553Z
2026-09-18 13:52:44.185: [INFO] OnDoneLoading sync enabled: 0
2026-09-18 13:52:44.185: [INFO] BookmarkModelLoaded, ids_reassigned: 0
2026-09-18 13:52:44.185: [INFO] BookmarksLoadDropped droppedNodes=0
2026-09-18 13:52:44.185: [INFO] BookmarksSnapshot Startup total=0 bar=0 other=0 mobile=0 showBar=0 showBarNTP=1
2026-09-18 14:21:29.980: [INFO] BookmarksSnapshot Shutdown total=0 bar=0 other=0 mobile=0 showBar=0 showBarNTP=1
2026-09-18 14:24:55.268: [INFO] CurrentProfilePath: C:\Users\Charles\Downloads\Sifu Modding\Movesets Prototypes\Moveset Maker\SifuMovesetEditor\bin\Debug\net10.0-windows\SifuMovesetEditor.exe.WebView2\EBWebView\Default
2026-09-18 14:24:55.268: [INFO] Profiles total count: 1
2026-09-18 14:24:55.268: [INFO] Profile: name=Profile 1 path=C:\Users\Charles\Downloads\Sifu Modding\Movesets Prototypes\Moveset Maker\SifuMovesetEditor\bin\Debug\net10.0-windows\SifuMovesetEditor.exe.WebView2\EBWebView\Default lastActive=2026-09-18T14:03:26.271Z
2026-09-18 14:24:55.268: [INFO] LastUsedProfileDir: C:\Users\Charles\Downloads\Sifu Modding\Movesets Prototypes\Moveset Maker\SifuMovesetEditor\bin\Debug\net10.0-windows\SifuMovesetEditor.exe.WebView2\EBWebView\Default
2026-09-18 14:24:55.268: [INFO] MostRecentlyActiveProfile: name=Profile 1 path=C:\Users\Charles\Downloads\Sifu Modding\Movesets Prototypes\Moveset Maker\SifuMovesetEditor\bin\Debug\net10.0-windows\SifuMovesetEditor.exe.WebView2\EBWebView\Default lastActive=2026-09-18T14:03:26.271Z
2026-09-18 14:24:55.268: [INFO] OnDoneLoading sync enabled: 0
2026-09-18 14:24:55.268: [INFO] BookmarkModelLoaded, ids_reassigned: 0
2026-09-18 14:24:55.268: [INFO] BookmarksLoadDropped droppedNodes=0
2026-09-18 14:24:55.268: [INFO] BookmarksSnapshot Startup total=0 bar=0 other=0 mobile=0 showBar=0 showBarNTP=1
2026-09-18 15:09:00.885: [INFO] BookmarksSnapshot Shutdown total=0 bar=0 other=0 mobile=0 showBar=0 showBarNTP=1
2026-09-18 15:26:34.077: [INFO] CurrentProfilePath: C:\Users\Charles\Downloads\Sifu Modding\Movesets Prototypes\Moveset Maker\SifuMovesetEditor\bin\Debug\net10.0-windows\SifuMovesetEditor.exe.WebView2\EBWebView\Default
2026-09-18 15:26:34.077: [INFO] Profiles total count: 1
2026-09-18 15:26:34.077: [INFO] Profile: name=Profile 1 path=C:\Users\Charles\Downloads\Sifu Modding\Movesets Prototypes\Moveset Maker\SifuMovesetEditor\bin\Debug\net10.0-windows\SifuMovesetEditor.exe.WebView2\EBWebView\Default lastActive=2026-09-18T14:03:26.271Z
2026-09-18 15:26:34.077: [INFO] LastUsedProfileDir: C:\Users\Charles\Downloads\Sifu Modding\Movesets Prototypes\Moveset Maker\SifuMovesetEditor\bin\Debug\net10.0-windows\SifuMovesetEditor.exe.WebView2\EBWebView\Default
2026-09-18 15:26:34.077: [INFO] MostRecentlyActiveProfile: name=Profile 1 path=C:\Users\Charles\Downloads\Sifu Modding\Movesets Prototypes\Moveset Maker\SifuMovesetEditor\bin\Debug\net10.0-windows\SifuMovesetEditor.exe.WebView2\EBWebView\Default lastActive=2026-09-18T14:03:26.271Z
2026-09-18 15:26:34.077: [INFO] OnDoneLoading sync enabled: 0
2026-09-18 15:26:34.077: [INFO] BookmarkModelLoaded, ids_reassigned: 0
2026-09-18 15:26:34.077: [INFO] BookmarksLoadDropped droppedNodes=0
2026-09-18 15:26:34.077: [INFO] BookmarksSnapshot Startup total=0 bar=0 other=0 mobile=0 showBar=0 showBarNTP=1
2026-09-18 15:56:59.130: [INFO] BookmarksSnapshot Shutdown total=0 bar=0 other=0 mobile=0 showBar=0 showBarNTP=1
2026-09-18 15:57:04.112: [INFO] CurrentProfilePath: C:\Users\Charles\Downloads\Sifu Modding\Movesets Prototypes\Moveset Maker\SifuMovesetEditor\bin\Debug\net10.0-windows\SifuMovesetEditor.exe.WebView2\EBWebView\Default
2026-09-18 15:57:04.112: [INFO] Profiles total count: 1
2026-09-18 15:57:04.112: [INFO] Profile: name=Profile 1 path=C:\Users\Charles\Downloads\Sifu Modding\Movesets Prototypes\Moveset Maker\SifuMovesetEditor\bin\Debug\net10.0-windows\SifuMovesetEditor.exe.WebView2\EBWebView\Default lastActive=2026-09-18T15:39:11.023Z
2026-09-18 15:57:04.112: [INFO] LastUsedProfileDir: C:\Users\Charles\Downloads\Sifu Modding\Movesets Prototypes\Moveset Maker\SifuMovesetEditor\bin\Debug\net10.0-windows\SifuMovesetEditor.exe.WebView2\EBWebView\Default
2026-09-18 15:57:04.112: [INFO] MostRecentlyActiveProfile: name=Profile 1 path=C:\Users\Charles\Downloads\Sifu Modding\Movesets Prototypes\Moveset Maker\SifuMovesetEditor\bin\Debug\net10.0-windows\SifuMovesetEditor.exe.WebView2\EBWebView\Default lastActive=2026-09-18T15:39:11.023Z
2026-09-18 15:57:04.112: [INFO] OnDoneLoading sync enabled: 0
2026-09-18 15:57:04.112: [INFO] BookmarkModelLoaded, ids_reassigned: 0
2026-09-18 15:57:04.112: [INFO] BookmarksLoadDropped droppedNodes=0
2026-09-18 15:57:04.112: [INFO] BookmarksSnapshot Startup total=0 bar=0 other=0 mobile=0 showBar=0 showBarNTP=1
2026-09-18 16:04:08.859: [INFO] BookmarksSnapshot Shutdown total=0 bar=0 other=0 mobile=0 showBar=0 showBarNTP=1
2026-09-18 16:16:56.312: [INFO] CurrentProfilePath: C:\Users\Charles\Downloads\Sifu Modding\Movesets Prototypes\Moveset Maker\SifuMovesetEditor\bin\Debug\net10.0-windows\SifuMovesetEditor.exe.WebView2\EBWebView\Default
2026-09-18 16:16:56.312: [INFO] Profiles total count: 1
2026-09-18 16:16:56.312: [INFO] Profile: name=Profile 1 path=C:\Users\Charles\Downloads\Sifu Modding\Movesets Prototypes\Moveset Maker\SifuMovesetEditor\bin\Debug\net10.0-windows\SifuMovesetEditor.exe.WebView2\EBWebView\Default lastActive=2026-09-18T15:39:11.023Z
2026-09-18 16:16:56.312: [INFO] LastUsedProfileDir: C:\Users\Charles\Downloads\Sifu Modding\Movesets Prototypes\Moveset Maker\SifuMovesetEditor\bin\Debug\net10.0-windows\SifuMovesetEditor.exe.WebView2\EBWebView\Default
2026-09-18 16:16:56.312: [INFO] MostRecentlyActiveProfile: name=Profile 1 path=C:\Users\Charles\Downloads\Sifu Modding\Movesets Prototypes\Moveset Maker\SifuMovesetEditor\bin\Debug\net10.0-windows\SifuMovesetEditor.exe.WebView2\EBWebView\Default lastActive=2026-09-18T15:39:11.023Z
2026-09-18 16:16:56.312: [INFO] OnDoneLoading sync enabled: 0
2026-09-18 16:16:56.312: [INFO] BookmarkModelLoaded, ids_reassigned: 0
2026-09-18 16:16:56.312: [INFO] BookmarksLoadDropped droppedNodes=0
2026-09-18 16:16:56.312: [INFO] BookmarksSnapshot Startup total=0 bar=0 other=0 mobile=0 showBar=0 showBarNTP=1
2026-09-18 16:48:27.138: [INFO] BookmarksSnapshot Shutdown total=0 bar=0 other=0 mobile=0 showBar=0 showBarNTP=1
2026-09-19 08:59:42.432: [INFO] CurrentProfilePath: C:\Users\Charles\Downloads\Sifu Modding\Movesets Prototypes\Moveset Maker\SifuMovesetEditor\bin\Debug\net10.0-windows\SifuMovesetEditor.exe.WebView2\EBWebView\Default
2026-09-19 08:59:42.432: [INFO] Profiles total count: 1
2026-09-19 08:59:42.432: [INFO] Profile: name=Profile 1 path=C:\Users\Charles\Downloads\Sifu Modding\Movesets Prototypes\Moveset Maker\SifuMovesetEditor\bin\Debug\net10.0-windows\SifuMovesetEditor.exe.WebView2\EBWebView\Default lastActive=2026-09-18T15:39:11.023Z
2026-09-19 08:59:42.432: [INFO] LastUsedProfileDir: C:\Users\Charles\Downloads\Sifu Modding\Movesets Prototypes\Moveset Maker\SifuMovesetEditor\bin\Debug\net10.0-windows\SifuMovesetEditor.exe.WebView2\EBWebView\Default
2026-09-19 08:59:42.432: [INFO] MostRecentlyActiveProfile: name=Profile 1 path=C:\Users\Charles\Downloads\Sifu Modding\Movesets Prototypes\Moveset Maker\SifuMovesetEditor\bin\Debug\net10.0-windows\SifuMovesetEditor.exe.WebView2\EBWebView\Default lastActive=2026-09-18T15:39:11.023Z
2026-09-19 08:59:42.432: [INFO] OnDoneLoading sync enabled: 0
2026-09-19 08:59:42.432: [INFO] BookmarkModelLoaded, ids_reassigned: 0
2026-09-19 08:59:42.432: [INFO] BookmarksLoadDropped droppedNodes=0
2026-09-19 08:59:42.432: [INFO] BookmarksSnapshot Startup total=0 bar=0 other=0 mobile=0 showBar=0 showBarNTP=1
2026-09-19 09:04:17.056: [INFO] BookmarksSnapshot Shutdown total=0 bar=0 other=0 mobile=0 showBar=0 showBarNTP=1
2026-09-19 09:04:21.182: [INFO] CurrentProfilePath: C:\Users\Charles\Downloads\Sifu Modding\Movesets Prototypes\Moveset Maker\SifuMovesetEditor\bin\Debug\net10.0-windows\SifuMovesetEditor.exe.WebView2\EBWebView\Default
2026-09-19 09:04:21.182: [INFO] Profiles total count: 1
2026-09-19 09:04:21.183: [INFO] Profile: name=Profile 1 path=C:\Users\Charles\Downloads\Sifu Modding\Movesets Prototypes\Moveset Maker\SifuMovesetEditor\bin\Debug\net10.0-windows\SifuMovesetEditor.exe.WebView2\EBWebView\Default lastActive=2026-09-19T09:01:09.098Z
2026-09-19 09:04:21.183: [INFO] LastUsedProfileDir: C:\Users\Charles\Downloads\Sifu Modding\Movesets Prototypes\Moveset Maker\SifuMovesetEditor\bin\Debug\net10.0-windows\SifuMovesetEditor.exe.WebView2\EBWebView\Default
2026-09-19 09:04:21.183: [INFO] MostRecentlyActiveProfile: name=Profile 1 path=C:\Users\Charles\Downloads\Sifu Modding\Movesets Prototypes\Moveset Maker\SifuMovesetEditor\bin\Debug\net10.0-windows\SifuMovesetEditor.exe.WebView2\EBWebView\Default lastActive=2026-09-19T09:01:09.098Z
2026-09-19 09:04:21.183: [INFO] OnDoneLoading sync enabled: 0
2026-09-19 09:04:21.183: [INFO] BookmarkModelLoaded, ids_reassigned: 0
2026-09-19 09:04:21.183: [INFO] BookmarksLoadDropped droppedNodes=0
2026-09-19 09:04:21.183: [INFO] BookmarksSnapshot Startup total=0 bar=0 other=0 mobile=0 showBar=0 showBarNTP=1
2026-09-19 09:42:03.176: [INFO] BookmarksSnapshot Shutdown total=0 bar=0 other=0 mobile=0 showBar=0 showBarNTP=1
2026-09-19 09:51:48.650: [INFO] CurrentProfilePath: C:\Users\Charles\Downloads\Sifu Modding\Movesets Prototypes\Moveset Maker\SifuMovesetEditor\bin\Debug\net10.0-windows\SifuMovesetEditor.exe.WebView2\EBWebView\Default
2026-09-19 09:51:48.650: [INFO] Profiles total count: 1
2026-09-19 09:51:48.650: [INFO] Profile: name=Profile 1 path=C:\Users\Charles\Downloads\Sifu Modding\Movesets Prototypes\Moveset Maker\SifuMovesetEditor\bin\Debug\net10.0-windows\SifuMovesetEditor.exe.WebView2\EBWebView\Default lastActive=2026-09-19T09:36:23.147Z
2026-09-19 09:51:48.650: [INFO] LastUsedProfileDir: C:\Users\Charles\Downloads\Sifu Modding\Movesets Prototypes\Moveset Maker\SifuMovesetEditor\bin\Debug\net10.0-windows\SifuMovesetEditor.exe.WebView2\EBWebView\Default
2026-09-19 09:51:48.650: [INFO] MostRecentlyActiveProfile: name=Profile 1 path=C:\Users\Charles\Downloads\Sifu Modding\Movesets Prototypes\Moveset Maker\SifuMovesetEditor\bin\Debug\net10.0-windows\SifuMovesetEditor.exe.WebView2\EBWebView\Default lastActive=2026-09-19T09:36:23.147Z
2026-09-19 09:51:48.650: [INFO] OnDoneLoading sync enabled: 0
2026-09-19 09:51:48.650: [INFO] BookmarkModelLoaded, ids_reassigned: 0
2026-09-19 09:51:48.650: [INFO] BookmarksLoadDropped droppedNodes=0
2026-09-19 09:51:48.650: [INFO] BookmarksSnapshot Startup total=0 bar=0 other=0 mobile=0 showBar=0 showBarNTP=1
2026-09-19 10:11:33.686: [INFO] BookmarksSnapshot Shutdown total=0 bar=0 other=0 mobile=0 showBar=0 showBarNTP=1
2026-09-19 11:12:54.673: [INFO] CurrentProfilePath: C:\Users\Charles\Downloads\Sifu Modding\Movesets Prototypes\Moveset Maker\SifuMovesetEditor\bin\Debug\net10.0-windows\SifuMovesetEditor.exe.WebView2\EBWebView\Default
2026-09-19 11:12:54.673: [INFO] Profiles total count: 1
2026-09-19 11:12:54.674: [INFO] Profile: name=Profile 1 path=C:\Users\Charles\Downloads\Sifu Modding\Movesets Prototypes\Moveset Maker\SifuMovesetEditor\bin\Debug\net10.0-windows\SifuMovesetEditor.exe.WebView2\EBWebView\Default lastActive=2026-09-19T09:52:16.927Z
2026-09-19 11:12:54.674: [INFO] LastUsedProfileDir: C:\Users\Charles\Downloads\Sifu Modding\Movesets Prototypes\Moveset Maker\SifuMovesetEditor\bin\Debug\net10.0-windows\SifuMovesetEditor.exe.WebView2\EBWebView\Default
2026-09-19 11:12:54.674: [INFO] MostRecentlyActiveProfile: name=Profile 1 path=C:\Users\Charles\Downloads\Sifu Modding\Movesets Prototypes\Moveset Maker\SifuMovesetEditor\bin\Debug\net10.0-windows\SifuMovesetEditor.exe.WebView2\EBWebView\Default lastActive=2026-09-19T09:52:16.927Z
2026-09-19 11:12:54.674: [INFO] OnDoneLoading sync enabled: 0
2026-09-19 11:12:54.674: [INFO] BookmarkModelLoaded, ids_reassigned: 0
2026-09-19 11:12:54.674: [INFO] BookmarksLoadDropped droppedNodes=0
2026-09-19 11:12:54.674: [INFO] BookmarksSnapshot Startup total=0 bar=0 other=0 mobile=0 showBar=0 showBarNTP=1
2026-09-19 11:40:25.450: [INFO] BookmarksSnapshot Shutdown total=0 bar=0 other=0 mobile=0 showBar=0 showBarNTP=1
2026-09-19 11:40:55.689: [INFO] CurrentProfilePath: C:\Users\Charles\Downloads\Sifu Modding\Movesets Prototypes\Moveset Maker\SifuMovesetEditor\bin\Debug\net10.0-windows\SifuMovesetEditor.exe.WebView2\EBWebView\Default
2026-09-19 11:40:55.689: [INFO] Profiles total count: 1
2026-09-19 11:40:55.689: [INFO] Profile: name=Profile 1 path=C:\Users\Charles\Downloads\Sifu Modding\Movesets Prototypes\Moveset Maker\SifuMovesetEditor\bin\Debug\net10.0-windows\SifuMovesetEditor.exe.WebView2\EBWebView\Default lastActive=2026-09-19T11:40:25.400Z
2026-09-19 11:40:55.689: [INFO] LastUsedProfileDir: C:\Users\Charles\Downloads\Sifu Modding\Movesets Prototypes\Moveset Maker\SifuMovesetEditor\bin\Debug\net10.0-windows\SifuMovesetEditor.exe.WebView2\EBWebView\Default
2026-09-19 11:40:55.689: [INFO] MostRecentlyActiveProfile: name=Profile 1 path=C:\Users\Charles\Downloads\Sifu Modding\Movesets Prototypes\Moveset Maker\SifuMovesetEditor\bin\Debug\net10.0-windows\SifuMovesetEditor.exe.WebView2\EBWebView\Default lastActive=2026-09-19T11:40:25.400Z
2026-09-19 11:40:55.689: [INFO] OnDoneLoading sync enabled: 0
2026-09-19 11:40:55.689: [INFO] BookmarkModelLoaded, ids_reassigned: 0
2026-09-19 11:40:55.689: [INFO] BookmarksLoadDropped droppedNodes=0
2026-09-19 11:40:55.689: [INFO] BookmarksSnapshot Startup total=0 bar=0 other=0 mobile=0 showBar=0 showBarNTP=1
2026-09-19 11:43:53.529: [INFO] BookmarksSnapshot Shutdown total=0 bar=0 other=0 mobile=0 showBar=0 showBarNTP=1
2026-09-19 12:32:49.146: [INFO] CurrentProfilePath: C:\Users\Charles\Downloads\Sifu Modding\Movesets Prototypes\Moveset Maker\SifuMovesetEditor\bin\Debug\net10.0-windows\SifuMovesetEditor.exe.WebView2\EBWebView\Default
2026-09-19 12:32:49.146: [INFO] Profiles total count: 1
2026-09-19 12:32:49.146: [INFO] Profile: name=Profile 1 path=C:\Users\Charles\Downloads\Sifu Modding\Movesets Prototypes\Moveset Maker\SifuMovesetEditor\bin\Debug\net10.0-windows\SifuMovesetEditor.exe.WebView2\EBWebView\Default lastActive=2026-09-19T11:43:49.248Z
2026-09-19 12:32:49.146: [INFO] LastUsedProfileDir: C:\Users\Charles\Downloads\Sifu Modding\Movesets Prototypes\Moveset Maker\SifuMovesetEditor\bin\Debug\net10.0-windows\SifuMovesetEditor.exe.WebView2\EBWebView\Default
2026-09-19 12:32:49.146: [INFO] MostRecentlyActiveProfile: name=Profile 1 path=C:\Users\Charles\Downloads\Sifu Modding\Movesets Prototypes\Moveset Maker\SifuMovesetEditor\bin\Debug\net10.0-windows\SifuMovesetEditor.exe.WebView2\EBWebView\Default lastActive=2026-09-19T11:43:49.248Z
2026-09-19 12:32:49.146: [INFO] OnDoneLoading sync enabled: 0
2026-09-19 12:32:49.146: [INFO] BookmarkModelLoaded, ids_reassigned: 0
2026-09-19 12:32:49.146: [INFO] BookmarksLoadDropped droppedNodes=0
2026-09-19 12:32:49.146: [INFO] BookmarksSnapshot Startup total=0 bar=0 other=0 mobile=0 showBar=0 showBarNTP=1
2026-09-19 13:11:44.443: [INFO] BookmarksSnapshot Shutdown total=0 bar=0 other=0 mobile=0 showBar=0 showBarNTP=1
2026-09-19 13:49:08.569: [INFO] CurrentProfilePath: C:\Users\Charles\Downloads\Sifu Modding\Movesets Prototypes\Moveset Maker\SifuMovesetEditor\bin\Debug\net10.0-windows\SifuMovesetEditor.exe.WebView2\EBWebView\Default
2026-09-19 13:49:08.569: [INFO] Profiles total count: 1
2026-09-19 13:49:08.569: [INFO] Profile: name=Profile 1 path=C:\Users\Charles\Downloads\Sifu Modding\Movesets Prototypes\Moveset Maker\SifuMovesetEditor\bin\Debug\net10.0-windows\SifuMovesetEditor.exe.WebView2\EBWebView\Default lastActive=2026-09-19T13:10:49.419Z
2026-09-19 13:49:08.569: [INFO] LastUsedProfileDir: C:\Users\Charles\Downloads\Sifu Modding\Movesets Prototypes\Moveset Maker\SifuMovesetEditor\bin\Debug\net10.0-windows\SifuMovesetEditor.exe.WebView2\EBWebView\Default
2026-09-19 13:49:08.569: [INFO] MostRecentlyActiveProfile: name=Profile 1 path=C:\Users\Charles\Downloads\Sifu Modding\Movesets Prototypes\Moveset Maker\SifuMovesetEditor\bin\Debug\net10.0-windows\SifuMovesetEditor.exe.WebView2\EBWebView\Default lastActive=2026-09-19T13:10:49.419Z
2026-09-19 13:49:08.569: [INFO] OnDoneLoading sync enabled: 0
2026-09-19 13:49:08.569: [INFO] BookmarkModelLoaded, ids_reassigned: 0
2026-09-19 13:49:08.569: [INFO] BookmarksLoadDropped droppedNodes=0
2026-09-19 13:49:08.569: [INFO] BookmarksSnapshot Startup total=0 bar=0 other=0 mobile=0 showBar=0 showBarNTP=1
2026-09-19 13:49:45.526: [INFO] BookmarksSnapshot Shutdown total=0 bar=0 other=0 mobile=0 showBar=0 showBarNTP=1
2026-09-19 13:53:49.690: [INFO] CurrentProfilePath: C:\Users\Charles\Downloads\Sifu Modding\Movesets Prototypes\Moveset Maker\SifuMovesetEditor\bin\Debug\net10.0-windows\SifuMovesetEditor.exe.WebView2\EBWebView\Default
2026-09-19 13:53:49.690: [INFO] Profiles total count: 1
2026-09-19 13:53:49.691: [INFO] Profile: name=Profile 1 path=C:\Users\Charles\Downloads\Sifu Modding\Movesets Prototypes\Moveset Maker\SifuMovesetEditor\bin\Debug\net10.0-windows\SifuMovesetEditor.exe.WebView2\EBWebView\Default lastActive=2026-09-19T13:10:49.419Z
2026-09-19 13:53:49.691: [INFO] LastUsedProfileDir: C:\Users\Charles\Downloads\Sifu Modding\Movesets Prototypes\Moveset Maker\SifuMovesetEditor\bin\Debug\net10.0-windows\SifuMovesetEditor.exe.WebView2\EBWebView\Default
2026-09-19 13:53:49.691: [INFO] MostRecentlyActiveProfile: name=Profile 1 path=C:\Users\Charles\Downloads\Sifu Modding\Movesets Prototypes\Moveset Maker\SifuMovesetEditor\bin\Debug\net10.0-windows\SifuMovesetEditor.exe.WebView2\EBWebView\Default lastActive=2026-09-19T13:10:49.419Z
2026-09-19 13:53:49.691: [INFO] OnDoneLoading sync enabled: 0
2026-09-19 13:53:49.691: [INFO] BookmarkModelLoaded, ids_reassigned: 0
2026-09-19 13:53:49.691: [INFO] BookmarksLoadDropped droppedNodes=0
2026-09-19 13:53:49.691: [INFO] BookmarksSnapshot Startup total=0 bar=0 other=0 mobile=0 showBar=0 showBarNTP=1
2026-09-19 13:56:57.933: [INFO] BookmarksSnapshot Shutdown total=0 bar=0 other=0 mobile=0 showBar=0 showBarNTP=1
2026-09-19 14:04:52.786: [INFO] CurrentProfilePath: C:\Users\Charles\Downloads\Sifu Modding\Movesets Prototypes\Moveset Maker\SifuMovesetEditor\bin\Debug\net10.0-windows\SifuMovesetEditor.exe.WebView2\EBWebView\Default
2026-09-19 14:04:52.786: [INFO] Profiles total count: 1
2026-09-19 14:04:52.786: [INFO] Profile: name=Profile 1 path=C:\Users\Charles\Downloads\Sifu Modding\Movesets Prototypes\Moveset Maker\SifuMovesetEditor\bin\Debug\net10.0-windows\SifuMovesetEditor.exe.WebView2\EBWebView\Default lastActive=2026-09-19T13:10:49.419Z
2026-09-19 14:04:52.786: [INFO] LastUsedProfileDir: C:\Users\Charles\Downloads\Sifu Modding\Movesets Prototypes\Moveset Maker\SifuMovesetEditor\bin\Debug\net10.0-windows\SifuMovesetEditor.exe.WebView2\EBWebView\Default
2026-09-19 14:04:52.786: [INFO] MostRecentlyActiveProfile: name=Profile 1 path=C:\Users\Charles\Downloads\Sifu Modding\Movesets Prototypes\Moveset Maker\SifuMovesetEditor\bin\Debug\net10.0-windows\SifuMovesetEditor.exe.WebView2\EBWebView\Default lastActive=2026-09-19T13:10:49.419Z
2026-09-19 14:04:52.786: [INFO] OnDoneLoading sync enabled: 0
2026-09-19 14:04:52.786: [INFO] BookmarkModelLoaded, ids_reassigned: 0
2026-09-19 14:04:52.786: [INFO] BookmarksLoadDropped droppedNodes=0
2026-09-19 14:04:52.786: [INFO] BookmarksSnapshot Startup total=0 bar=0 other=0 mobile=0 showBar=0 showBarNTP=1
2026-09-19 14:21:39.092: [INFO] BookmarksSnapshot Shutdown total=0 bar=0 other=0 mobile=0 showBar=0 showBarNTP=1
2026-09-19 14:25:20.131: [INFO] CurrentProfilePath: C:\Users\Charles\Downloads\Sifu Modding\Movesets Prototypes\Moveset Maker\SifuMovesetEditor\bin\Debug\net10.0-windows\SifuMovesetEditor.exe.WebView2\EBWebView\Default
2026-09-19 14:25:20.131: [INFO] Profiles total count: 1
2026-09-19 14:25:20.131: [INFO] Profile: name=Profile 1 path=C:\Users\Charles\Downloads\Sifu Modding\Movesets Prototypes\Moveset Maker\SifuMovesetEditor\bin\Debug\net10.0-windows\SifuMovesetEditor.exe.WebView2\EBWebView\Default lastActive=2026-09-19T13:10:49.419Z
2026-09-19 14:25:20.131: [INFO] LastUsedProfileDir: C:\Users\Charles\Downloads\Sifu Modding\Movesets Prototypes\Moveset Maker\SifuMovesetEditor\bin\Debug\net10.0-windows\SifuMovesetEditor.exe.WebView2\EBWebView\Default
2026-09-19 14:25:20.131: [INFO] MostRecentlyActiveProfile: name=Profile 1 path=C:\Users\Charles\Downloads\Sifu Modding\Movesets Prototypes\Moveset Maker\SifuMovesetEditor\bin\Debug\net10.0-windows\SifuMovesetEditor.exe.WebView2\EBWebView\Default lastActive=2026-09-19T13:10:49.419Z
2026-09-19 14:25:20.131: [INFO] OnDoneLoading sync enabled: 0
2026-09-19 14:25:20.131: [INFO] BookmarkModelLoaded, ids_reassigned: 0
2026-09-19 14:25:20.131: [INFO] BookmarksLoadDropped droppedNodes=0
2026-09-19 14:25:20.131: [INFO] BookmarksSnapshot Startup total=0 bar=0 other=0 mobile=0 showBar=0 showBarNTP=1
2026-09-19 14:34:32.536: [INFO] BookmarksSnapshot Shutdown total=0 bar=0 other=0 mobile=0 showBar=0 showBarNTP=1
2026-09-19 14:43:30.010: [INFO] CurrentProfilePath: C:\Users\Charles\Downloads\Sifu Modding\Movesets Prototypes\Moveset Maker\SifuMovesetEditor\bin\Debug\net10.0-windows\SifuMovesetEditor.exe.WebView2\EBWebView\Default
2026-09-19 14:43:30.010: [INFO] Profiles total count: 1
2026-09-19 14:43:30.010: [INFO] Profile: name=Profile 1 path=C:\Users\Charles\Downloads\Sifu Modding\Movesets Prototypes\Moveset Maker\SifuMovesetEditor\bin\Debug\net10.0-windows\SifuMovesetEditor.exe.WebView2\EBWebView\Default lastActive=2026-09-19T13:10:49.419Z
2026-09-19 14:43:30.010: [INFO] LastUsedProfileDir: C:\Users\Charles\Downloads\Sifu Modding\Movesets Prototypes\Moveset Maker\SifuMovesetEditor\bin\Debug\net10.0-windows\SifuMovesetEditor.exe.WebView2\EBWebView\Default
2026-09-19 14:43:30.010: [INFO] MostRecentlyActiveProfile: name=Profile 1 path=C:\Users\Charles\Downloads\Sifu Modding\Movesets Prototypes\Moveset Maker\SifuMovesetEditor\bin\Debug\net10.0-windows\SifuMovesetEditor.exe.WebView2\EBWebView\Default lastActive=2026-09-19T13:10:49.419Z
2026-09-19 14:43:30.010: [INFO] OnDoneLoading sync enabled: 0
2026-09-19 14:43:30.010: [INFO] BookmarkModelLoaded, ids_reassigned: 0
2026-09-19 14:43:30.010: [INFO] BookmarksLoadDropped droppedNodes=0
2026-09-19 14:43:30.010: [INFO] BookmarksSnapshot Startup total=0 bar=0 other=0 mobile=0 showBar=0 showBarNTP=1
2026-09-19 15:14:34.919: [INFO] BookmarksSnapshot Shutdown total=0 bar=0 other=0 mobile=0 showBar=0 showBarNTP=1
2026-09-19 15:17:28.119: [INFO] CurrentProfilePath: C:\Users\Charles\Downloads\Sifu Modding\Movesets Prototypes\Moveset Maker\SifuMovesetEditor\bin\Debug\net10.0-windows\SifuMovesetEditor.exe.WebView2\EBWebView\Default
2026-09-19 15:17:28.119: [INFO] Profiles total count: 1
2026-09-19 15:17:28.119: [INFO] Profile: name=Profile 1 path=C:\Users\Charles\Downloads\Sifu Modding\Movesets Prototypes\Moveset Maker\SifuMovesetEditor\bin\Debug\net10.0-windows\SifuMovesetEditor.exe.WebView2\EBWebView\Default lastActive=2026-09-19T14:46:04.700Z
2026-09-19 15:17:28.119: [INFO] LastUsedProfileDir: C:\Users\Charles\Downloads\Sifu Modding\Movesets Prototypes\Moveset Maker\SifuMovesetEditor\bin\Debug\net10.0-windows\SifuMovesetEditor.exe.WebView2\EBWebView\Default
2026-09-19 15:17:28.119: [INFO] MostRecentlyActiveProfile: name=Profile 1 path=C:\Users\Charles\Downloads\Sifu Modding\Movesets Prototypes\Moveset Maker\SifuMovesetEditor\bin\Debug\net10.0-windows\SifuMovesetEditor.exe.WebView2\EBWebView\Default lastActive=2026-09-19T14:46:04.700Z
2026-09-19 15:17:28.119: [INFO] OnDoneLoading sync enabled: 0
2026-09-19 15:17:28.119: [INFO] BookmarkModelLoaded, ids_reassigned: 0
2026-09-19 15:17:28.119: [INFO] BookmarksLoadDropped droppedNodes=0
2026-09-19 15:17:28.119: [INFO] BookmarksSnapshot Startup total=0 bar=0 other=0 mobile=0 showBar=0 showBarNTP=1
2026-09-19 15:20:21.471: [INFO] BookmarksSnapshot Shutdown total=0 bar=0 other=0 mobile=0 showBar=0 showBarNTP=1
2026-09-19 15:25:12.599: [INFO] CurrentProfilePath: C:\Users\Charles\Downloads\Sifu Modding\Movesets Prototypes\Moveset Maker\SifuMovesetEditor\bin\Debug\net10.0-windows\SifuMovesetEditor.exe.WebView2\EBWebView\Default
2026-09-19 15:25:12.599: [INFO] Profiles total count: 1
2026-09-19 15:25:12.599: [INFO] Profile: name=Profile 1 path=C:\Users\Charles\Downloads\Sifu Modding\Movesets Prototypes\Moveset Maker\SifuMovesetEditor\bin\Debug\net10.0-windows\SifuMovesetEditor.exe.WebView2\EBWebView\Default lastActive=2026-09-19T14:46:04.700Z
2026-09-19 15:25:12.599: [INFO] LastUsedProfileDir: C:\Users\Charles\Downloads\Sifu Modding\Movesets Prototypes\Moveset Maker\SifuMovesetEditor\bin\Debug\net10.0-windows\SifuMovesetEditor.exe.WebView2\EBWebView\Default
2026-09-19 15:25:12.599: [INFO] MostRecentlyActiveProfile: name=Profile 1 path=C:\Users\Charles\Downloads\Sifu Modding\Movesets Prototypes\Moveset Maker\SifuMovesetEditor\bin\Debug\net10.0-windows\SifuMovesetEditor.exe.WebView2\EBWebView\Default lastActive=2026-09-19T14:46:04.700Z
2026-09-19 15:25:12.599: [INFO] OnDoneLoading sync enabled: 0
2026-09-19 15:25:12.599: [INFO] BookmarkModelLoaded, ids_reassigned: 0
2026-09-19 15:25:12.599: [INFO] BookmarksLoadDropped droppedNodes=0
2026-09-19 15:25:12.599: [INFO] BookmarksSnapshot Startup total=0 bar=0 other=0 mobile=0 showBar=0 showBarNTP=1
2026-09-19 15:43:01.118: [INFO] BookmarksSnapshot Shutdown total=0 bar=0 other=0 mobile=0 showBar=0 showBarNTP=1
2026-09-19 15:45:55.419: [INFO] CurrentProfilePath: C:\Users\Charles\Downloads\Sifu Modding\Movesets Prototypes\Moveset Maker\SifuMovesetEditor\bin\Debug\net10.0-windows\SifuMovesetEditor.exe.WebView2\EBWebView\Default
2026-09-19 15:45:55.419: [INFO] Profiles total count: 1
2026-09-19 15:45:55.419: [INFO] Profile: name=Profile 1 path=C:\Users\Charles\Downloads\Sifu Modding\Movesets Prototypes\Moveset Maker\SifuMovesetEditor\bin\Debug\net10.0-windows\SifuMovesetEditor.exe.WebView2\EBWebView\Default lastActive=2026-09-19T15:41:43.878Z
2026-09-19 15:45:55.419: [INFO] LastUsedProfileDir: C:\Users\Charles\Downloads\Sifu Modding\Movesets Prototypes\Moveset Maker\SifuMovesetEditor\bin\Debug\net10.0-windows\SifuMovesetEditor.exe.WebView2\EBWebView\Default
2026-09-19 15:45:55.419: [INFO] MostRecentlyActiveProfile: name=Profile 1 path=C:\Users\Charles\Downloads\Sifu Modding\Movesets Prototypes\Moveset Maker\SifuMovesetEditor\bin\Debug\net10.0-windows\SifuMovesetEditor.exe.WebView2\EBWebView\Default lastActive=2026-09-19T15:41:43.878Z
2026-09-19 15:45:55.419: [INFO] OnDoneLoading sync enabled: 0
2026-09-19 15:45:55.419: [INFO] BookmarkModelLoaded, ids_reassigned: 0
2026-09-19 15:45:55.419: [INFO] BookmarksLoadDropped droppedNodes=0
2026-09-19 15:45:55.419: [INFO] BookmarksSnapshot Startup total=0 bar=0 other=0 mobile=0 showBar=0 showBarNTP=1
2026-09-19 16:13:01.398: [INFO] BookmarksSnapshot Shutdown total=0 bar=0 other=0 mobile=0 showBar=0 showBarNTP=1
2026-09-19 16:14:06.461: [INFO] CurrentProfilePath: C:\Users\Charles\Downloads\Sifu Modding\Movesets Prototypes\Moveset Maker\SifuMovesetEditor\bin\Debug\net10.0-windows\SifuMovesetEditor.exe.WebView2\EBWebView\Default
2026-09-19 16:14:06.461: [INFO] Profiles total count: 1
2026-09-19 16:14:06.461: [INFO] Profile: name=Profile 1 path=C:\Users\Charles\Downloads\Sifu Modding\Movesets Prototypes\Moveset Maker\SifuMovesetEditor\bin\Debug\net10.0-windows\SifuMovesetEditor.exe.WebView2\EBWebView\Default lastActive=2026-09-19T15:47:10.641Z
2026-09-19 16:14:06.461: [INFO] LastUsedProfileDir: C:\Users\Charles\Downloads\Sifu Modding\Movesets Prototypes\Moveset Maker\SifuMovesetEditor\bin\Debug\net10.0-windows\SifuMovesetEditor.exe.WebView2\EBWebView\Default
2026-09-19 16:14:06.461: [INFO] MostRecentlyActiveProfile: name=Profile 1 path=C:\Users\Charles\Downloads\Sifu Modding\Movesets Prototypes\Moveset Maker\SifuMovesetEditor\bin\Debug\net10.0-windows\SifuMovesetEditor.exe.WebView2\EBWebView\Default lastActive=2026-09-19T15:47:10.641Z
2026-09-19 16:14:06.461: [INFO] OnDoneLoading sync enabled: 0
2026-09-19 16:14:06.461: [INFO] BookmarkModelLoaded, ids_reassigned: 0
2026-09-19 16:14:06.461: [INFO] BookmarksLoadDropped droppedNodes=0
2026-09-19 16:14:06.461: [INFO] BookmarksSnapshot Startup total=0 bar=0 other=0 mobile=0 showBar=0 showBarNTP=1
2026-09-19 16:26:40.419: [INFO] BookmarksSnapshot Shutdown total=0 bar=0 other=0 mobile=0 showBar=0 showBarNTP=1
2026-09-20 07:38:07.339: [INFO] CurrentProfilePath: C:\Users\Charles\Downloads\Sifu Modding\Movesets Prototypes\Moveset Maker\SifuMovesetEditor\bin\Debug\net10.0-windows\SifuMovesetEditor.exe.WebView2\EBWebView\Default
2026-09-20 07:38:07.339: [INFO] Profiles total count: 1
2026-09-20 07:38:07.339: [INFO] Profile: name=Profile 1 path=C:\Users\Charles\Downloads\Sifu Modding\Movesets Prototypes\Moveset Maker\SifuMovesetEditor\bin\Debug\net10.0-windows\SifuMovesetEditor.exe.WebView2\EBWebView\Default lastActive=2026-09-19T16:15:58.366Z
2026-09-20 07:38:07.339: [INFO] LastUsedProfileDir: C:\Users\Charles\Downloads\Sifu Modding\Movesets Prototypes\Moveset Maker\SifuMovesetEditor\bin\Debug\net10.0-windows\SifuMovesetEditor.exe.WebView2\EBWebView\Default
2026-09-20 07:38:07.339: [INFO] MostRecentlyActiveProfile: name=Profile 1 path=C:\Users\Charles\Downloads\Sifu Modding\Movesets Prototypes\Moveset Maker\SifuMovesetEditor\bin\Debug\net10.0-windows\SifuMovesetEditor.exe.WebView2\EBWebView\Default lastActive=2026-09-19T16:15:58.366Z
2026-09-20 07:38:07.339: [INFO] OnDoneLoading sync enabled: 0
2026-09-20 07:38:07.339: [INFO] BookmarkModelLoaded, ids_reassigned: 0
2026-09-20 07:38:07.339: [INFO] BookmarksLoadDropped droppedNodes=0
2026-09-20 07:38:07.339: [INFO] BookmarksSnapshot Startup total=0 bar=0 other=0 mobile=0 showBar=0 showBarNTP=1
2026-09-20 08:06:28.626: [INFO] BookmarksSnapshot Shutdown total=0 bar=0 other=0 mobile=0 showBar=0 showBarNTP=1
2026-09-20 09:29:55.909: [INFO] CurrentProfilePath: C:\Users\Charles\Downloads\Sifu Modding\Movesets Prototypes\Moveset Maker\SifuMovesetEditor\bin\Debug\net10.0-windows\SifuMovesetEditor.exe.WebView2\EBWebView\Default
2026-09-20 09:29:55.909: [INFO] Profiles total count: 1
2026-09-20 09:29:55.910: [INFO] Profile: name=Profile 1 path=C:\Users\Charles\Downloads\Sifu Modding\Movesets Prototypes\Moveset Maker\SifuMovesetEditor\bin\Debug\net10.0-windows\SifuMovesetEditor.exe.WebView2\EBWebView\Default lastActive=2026-09-20T08:06:13.672Z
2026-09-20 09:29:55.910: [INFO] LastUsedProfileDir: C:\Users\Charles\Downloads\Sifu Modding\Movesets Prototypes\Moveset Maker\SifuMovesetEditor\bin\Debug\net10.0-windows\SifuMovesetEditor.exe.WebView2\EBWebView\Default
2026-09-20 09:29:55.910: [INFO] MostRecentlyActiveProfile: name=Profile 1 path=C:\Users\Charles\Downloads\Sifu Modding\Movesets Prototypes\Moveset Maker\SifuMovesetEditor\bin\Debug\net10.0-windows\SifuMovesetEditor.exe.WebView2\EBWebView\Default lastActive=2026-09-20T08:06:13.672Z
2026-09-20 09:29:55.910: [INFO] OnDoneLoading sync enabled: 0
2026-09-20 09:29:55.910: [INFO] BookmarkModelLoaded, ids_reassigned: 0
2026-09-20 09:29:55.910: [INFO] BookmarksLoadDropped droppedNodes=0
2026-09-20 09:29:55.910: [INFO] BookmarksSnapshot Startup total=0 bar=0 other=0 mobile=0 showBar=0 showBarNTP=1
2026-09-20 09:50:28.523: [INFO] BookmarksSnapshot Shutdown total=0 bar=0 other=0 mobile=0 showBar=0 showBarNTP=1
2026-09-20 10:54:41.547: [INFO] CurrentProfilePath: C:\Users\Charles\Downloads\Sifu Modding\Movesets Prototypes\Moveset Maker\SifuMovesetEditor\bin\Debug\net10.0-windows\SifuMovesetEditor.exe.WebView2\EBWebView\Default
2026-09-20 10:54:41.547: [INFO] Profiles total count: 1
2026-09-20 10:54:41.547: [INFO] Profile: name=Profile 1 path=C:\Users\Charles\Downloads\Sifu Modding\Movesets Prototypes\Moveset Maker\SifuMovesetEditor\bin\Debug\net10.0-windows\SifuMovesetEditor.exe.WebView2\EBWebView\Default lastActive=2026-09-20T09:33:00.233Z
2026-09-20 10:54:41.547: [INFO] LastUsedProfileDir: C:\Users\Charles\Downloads\Sifu Modding\Movesets Prototypes\Moveset Maker\SifuMovesetEditor\bin\Debug\net10.0-windows\SifuMovesetEditor.exe.WebView2\EBWebView\Default
2026-09-20 10:54:41.547: [INFO] MostRecentlyActiveProfile: name=Profile 1 path=C:\Users\Charles\Downloads\Sifu Modding\Movesets Prototypes\Moveset Maker\SifuMovesetEditor\bin\Debug\net10.0-windows\SifuMovesetEditor.exe.WebView2\EBWebView\Default lastActive=2026-09-20T09:33:00.233Z
2026-09-20 10:54:41.547: [INFO] OnDoneLoading sync enabled: 0
2026-09-20 10:54:41.547: [INFO] BookmarkModelLoaded, ids_reassigned: 0
2026-09-20 10:54:41.547: [INFO] BookmarksLoadDropped droppedNodes=0
2026-09-20 10:54:41.547: [INFO] BookmarksSnapshot Startup total=0 bar=0 other=0 mobile=0 showBar=0 showBarNTP=1
2026-09-20 11:19:32.762: [INFO] BookmarksSnapshot Shutdown total=0 bar=0 other=0 mobile=0 showBar=0 showBarNTP=1
2026-09-20 11:24:33.729: [INFO] CurrentProfilePath: C:\Users\Charles\Downloads\Sifu Modding\Movesets Prototypes\Moveset Maker\SifuMovesetEditor\bin\Debug\net10.0-windows\SifuMovesetEditor.exe.WebView2\EBWebView\Default
2026-09-20 11:24:33.729: [INFO] Profiles total count: 1
2026-09-20 11:24:33.729: [INFO] Profile: name=Profile 1 path=C:\Users\Charles\Downloads\Sifu Modding\Movesets Prototypes\Moveset Maker\SifuMovesetEditor\bin\Debug\net10.0-windows\SifuMovesetEditor.exe.WebView2\EBWebView\Default lastActive=2026-09-20T10:55:16.871Z
2026-09-20 11:24:33.729: [INFO] LastUsedProfileDir: C:\Users\Charles\Downloads\Sifu Modding\Movesets Prototypes\Moveset Maker\SifuMovesetEditor\bin\Debug\net10.0-windows\SifuMovesetEditor.exe.WebView2\EBWebView\Default
2026-09-20 11:24:33.729: [INFO] MostRecentlyActiveProfile: name=Profile 1 path=C:\Users\Charles\Downloads\Sifu Modding\Movesets Prototypes\Moveset Maker\SifuMovesetEditor\bin\Debug\net10.0-windows\SifuMovesetEditor.exe.WebView2\EBWebView\Default lastActive=2026-09-20T10:55:16.871Z
2026-09-20 11:24:33.729: [INFO] OnDoneLoading sync enabled: 0
2026-09-20 11:24:33.729: [INFO] BookmarkModelLoaded, ids_reassigned: 0
2026-09-20 11:24:33.729: [INFO] BookmarksLoadDropped droppedNodes=0
2026-09-20 11:24:33.729: [INFO] BookmarksSnapshot Startup total=0 bar=0 other=0 mobile=0 showBar=0 showBarNTP=1
2026-09-20 11:41:40.536: [INFO] BookmarksSnapshot Shutdown total=0 bar=0 other=0 mobile=0 showBar=0 showBarNTP=1
2026-09-20 12:15:09.521: [INFO] CurrentProfilePath: C:\Users\Charles\Downloads\Sifu Modding\Movesets Prototypes\Moveset Maker\SifuMovesetEditor\bin\Debug\net10.0-windows\SifuMovesetEditor.exe.WebView2\EBWebView\Default
2026-09-20 12:15:09.521: [INFO] Profiles total count: 1
2026-09-20 12:15:09.521: [INFO] Profile: name=Profile 1 path=C:\Users\Charles\Downloads\Sifu Modding\Movesets Prototypes\Moveset Maker\SifuMovesetEditor\bin\Debug\net10.0-windows\SifuMovesetEditor.exe.WebView2\EBWebView\Default lastActive=2026-09-20T11:34:38.460Z
2026-09-20 12:15:09.521: [INFO] LastUsedProfileDir: C:\Users\Charles\Downloads\Sifu Modding\Movesets Prototypes\Moveset Maker\SifuMovesetEditor\bin\Debug\net10.0-windows\SifuMovesetEditor.exe.WebView2\EBWebView\Default
2026-09-20 12:15:09.521: [INFO] MostRecentlyActiveProfile: name=Profile 1 path=C:\Users\Charles\Downloads\Sifu Modding\Movesets Prototypes\Moveset Maker\SifuMovesetEditor\bin\Debug\net10.0-windows\SifuMovesetEditor.exe.WebView2\EBWebView\Default lastActive=2026-09-20T11:34:38.460Z
2026-09-20 12:15:09.521: [INFO] OnDoneLoading sync enabled: 0
2026-09-20 12:15:09.521: [INFO] BookmarkModelLoaded, ids_reassigned: 0
2026-09-20 12:15:09.521: [INFO] BookmarksLoadDropped droppedNodes=0
2026-09-20 12:15:09.521: [INFO] BookmarksSnapshot Startup total=0 bar=0 other=0 mobile=0 showBar=0 showBarNTP=1
2026-09-20 12:42:10.362: [INFO] BookmarksSnapshot Shutdown total=0 bar=0 other=0 mobile=0 showBar=0 showBarNTP=1
2026-09-20 12:43:09.212: [INFO] CurrentProfilePath: C:\Users\Charles\Downloads\Sifu Modding\Movesets Prototypes\Moveset Maker\SifuMovesetEditor\bin\Debug\net10.0-windows\SifuMovesetEditor.exe.WebView2\EBWebView\Default
2026-09-20 12:43:09.212: [INFO] Profiles total count: 1
2026-09-20 12:43:09.212: [INFO] Profile: name=Profile 1 path=C:\Users\Charles\Downloads\Sifu Modding\Movesets Prototypes\Moveset Maker\SifuMovesetEditor\bin\Debug\net10.0-windows\SifuMovesetEditor.exe.WebView2\EBWebView\Default lastActive=2026-09-20T12:15:43.131Z
2026-09-20 12:43:09.212: [INFO] LastUsedProfileDir: C:\Users\Charles\Downloads\Sifu Modding\Movesets Prototypes\Moveset Maker\SifuMovesetEditor\bin\Debug\net10.0-windows\SifuMovesetEditor.exe.WebView2\EBWebView\Default
2026-09-20 12:43:09.212: [INFO] MostRecentlyActiveProfile: name=Profile 1 path=C:\Users\Charles\Downloads\Sifu Modding\Movesets Prototypes\Moveset Maker\SifuMovesetEditor\bin\Debug\net10.0-windows\SifuMovesetEditor.exe.WebView2\EBWebView\Default lastActive=2026-09-20T12:15:43.131Z
2026-09-20 12:43:09.212: [INFO] OnDoneLoading sync enabled: 0
2026-09-20 12:43:09.212: [INFO] BookmarkModelLoaded, ids_reassigned: 0
2026-09-20 12:43:09.212: [INFO] BookmarksLoadDropped droppedNodes=0
2026-09-20 12:43:09.212: [INFO] BookmarksSnapshot Startup total=0 bar=0 other=0 mobile=0 showBar=0 showBarNTP=1
2026-09-20 12:56:05.068: [INFO] BookmarksSnapshot Shutdown total=0 bar=0 other=0 mobile=0 showBar=0 showBarNTP=1
2026-09-20 13:02:22.394: [INFO] CurrentProfilePath: C:\Users\Charles\Downloads\Sifu Modding\Movesets Prototypes\Moveset Maker\SifuMovesetEditor\bin\Debug\net10.0-windows\SifuMovesetEditor.exe.WebView2\EBWebView\Default
2026-09-20 13:02:22.394: [INFO] Profiles total count: 1
2026-09-20 13:02:22.394: [INFO] Profile: name=Profile 1 path=C:\Users\Charles\Downloads\Sifu Modding\Movesets Prototypes\Moveset Maker\SifuMovesetEditor\bin\Debug\net10.0-windows\SifuMovesetEditor.exe.WebView2\EBWebView\Default lastActive=2026-09-20T12:51:01.838Z
2026-09-20 13:02:22.394: [INFO] LastUsedProfileDir: C:\Users\Charles\Downloads\Sifu Modding\Movesets Prototypes\Moveset Maker\SifuMovesetEditor\bin\Debug\net10.0-windows\SifuMovesetEditor.exe.WebView2\EBWebView\Default
2026-09-20 13:02:22.394: [INFO] MostRecentlyActiveProfile: name=Profile 1 path=C:\Users\Charles\Downloads\Sifu Modding\Movesets Prototypes\Moveset Maker\SifuMovesetEditor\bin\Debug\net10.0-windows\SifuMovesetEditor.exe.WebView2\EBWebView\Default lastActive=2026-09-20T12:51:01.838Z
2026-09-20 13:02:22.394: [INFO] OnDoneLoading sync enabled: 0
2026-09-20 13:02:22.394: [INFO] BookmarkModelLoaded, ids_reassigned: 0
2026-09-20 13:02:22.394: [INFO] BookmarksLoadDropped droppedNodes=0
2026-09-20 13:02:22.394: [INFO] BookmarksSnapshot Startup total=0 bar=0 other=0 mobile=0 showBar=0 showBarNTP=1
2026-09-20 13:29:07.397: [INFO] BookmarksSnapshot Shutdown total=0 bar=0 other=0 mobile=0 showBar=0 showBarNTP=1
2026-09-20 13:56:09.464: [INFO] CurrentProfilePath: C:\Users\Charles\Downloads\Sifu Modding\Movesets Prototypes\Moveset Maker\SifuMovesetEditor\bin\Debug\net10.0-windows\SifuMovesetEditor.exe.WebView2\EBWebView\Default
2026-09-20 13:56:09.464: [INFO] Profiles total count: 1
2026-09-20 13:56:09.464: [INFO] Profile: name=Profile 1 path=C:\Users\Charles\Downloads\Sifu Modding\Movesets Prototypes\Moveset Maker\SifuMovesetEditor\bin\Debug\net10.0-windows\SifuMovesetEditor.exe.WebView2\EBWebView\Default lastActive=2026-09-20T13:06:05.292Z
2026-09-20 13:56:09.464: [INFO] LastUsedProfileDir: C:\Users\Charles\Downloads\Sifu Modding\Movesets Prototypes\Moveset Maker\SifuMovesetEditor\bin\Debug\net10.0-windows\SifuMovesetEditor.exe.WebView2\EBWebView\Default
2026-09-20 13:56:09.464: [INFO] MostRecentlyActiveProfile: name=Profile 1 path=C:\Users\Charles\Downloads\Sifu Modding\Movesets Prototypes\Moveset Maker\SifuMovesetEditor\bin\Debug\net10.0-windows\SifuMovesetEditor.exe.WebView2\EBWebView\Default lastActive=2026-09-20T13:06:05.292Z
2026-09-20 13:56:09.464: [INFO] OnDoneLoading sync enabled: 0
2026-09-20 13:56:09.464: [INFO] BookmarkModelLoaded, ids_reassigned: 0
2026-09-20 13:56:09.464: [INFO] BookmarksLoadDropped droppedNodes=0
2026-09-20 13:56:09.464: [INFO] BookmarksSnapshot Startup total=0 bar=0 other=0 mobile=0 showBar=0 showBarNTP=1
2026-09-20 14:20:27.669: [INFO] BookmarksSnapshot Shutdown total=0 bar=0 other=0 mobile=0 showBar=0 showBarNTP=1
2026-09-20 15:32:18.076: [INFO] CurrentProfilePath: C:\Users\Charles\Downloads\Sifu Modding\Movesets Prototypes\Moveset Maker\SifuMovesetEditor\bin\Debug\net10.0-windows\SifuMovesetEditor.exe.WebView2\EBWebView\Default
2026-09-20 15:32:18.076: [INFO] Profiles total count: 1
2026-09-20 15:32:18.076: [INFO] Profile: name=Profile 1 path=C:\Users\Charles\Downloads\Sifu Modding\Movesets Prototypes\Moveset Maker\SifuMovesetEditor\bin\Debug\net10.0-windows\SifuMovesetEditor.exe.WebView2\EBWebView\Default lastActive=2026-09-20T13:57:50.733Z
2026-09-20 15:32:18.076: [INFO] LastUsedProfileDir: C:\Users\Charles\Downloads\Sifu Modding\Movesets Prototypes\Moveset Maker\SifuMovesetEditor\bin\Debug\net10.0-windows\SifuMovesetEditor.exe.WebView2\EBWebView\Default
2026-09-20 15:32:18.076: [INFO] MostRecentlyActiveProfile: name=Profile 1 path=C:\Users\Charles\Downloads\Sifu Modding\Movesets Prototypes\Moveset Maker\SifuMovesetEditor\bin\Debug\net10.0-windows\SifuMovesetEditor.exe.WebView2\EBWebView\Default lastActive=2026-09-20T13:57:50.733Z
2026-09-20 15:32:18.076: [INFO] OnDoneLoading sync enabled: 0
2026-09-20 15:32:18.076: [INFO] BookmarkModelLoaded, ids_reassigned: 0
2026-09-20 15:32:18.076: [INFO] BookmarksLoadDropped droppedNodes=0
2026-09-20 15:32:18.076: [INFO] BookmarksSnapshot Startup total=0 bar=0 other=0 mobile=0 showBar=0 showBarNTP=1
2026-09-20 16:24:10.525: [INFO] BookmarksSnapshot Shutdown total=0 bar=0 other=0 mobile=0 showBar=0 showBarNTP=1
2026-09-20 16:26:24.963: [INFO] CurrentProfilePath: C:\Users\Charles\Downloads\Sifu Modding\Movesets Prototypes\Moveset Maker\SifuMovesetEditor\bin\Debug\net10.0-windows\SifuMovesetEditor.exe.WebView2\EBWebView\Default
2026-09-20 16:26:24.963: [INFO] Profiles total count: 1
2026-09-20 16:26:24.963: [INFO] Profile: name=Profile 1 path=C:\Users\Charles\Downloads\Sifu Modding\Movesets Prototypes\Moveset Maker\SifuMovesetEditor\bin\Debug\net10.0-windows\SifuMovesetEditor.exe.WebView2\EBWebView\Default lastActive=2026-09-20T15:33:06.735Z
2026-09-20 16:26:24.963: [INFO] LastUsedProfileDir: C:\Users\Charles\Downloads\Sifu Modding\Movesets Prototypes\Moveset Maker\SifuMovesetEditor\bin\Debug\net10.0-windows\SifuMovesetEditor.exe.WebView2\EBWebView\Default
2026-09-20 16:26:24.963: [INFO] MostRecentlyActiveProfile: name=Profile 1 path=C:\Users\Charles\Downloads\Sifu Modding\Movesets Prototypes\Moveset Maker\SifuMovesetEditor\bin\Debug\net10.0-windows\SifuMovesetEditor.exe.WebView2\EBWebView\Default lastActive=2026-09-20T15:33:06.735Z
2026-09-20 16:26:24.963: [INFO] OnDoneLoading sync enabled: 0
2026-09-20 16:26:24.963: [INFO] BookmarkModelLoaded, ids_reassigned: 0
2026-09-20 16:26:24.963: [INFO] BookmarksLoadDropped droppedNodes=0
2026-09-20 16:26:24.963: [INFO] BookmarksSnapshot Startup total=0 bar=0 other=0 mobile=0 showBar=0 showBarNTP=1
2026-09-20 16:53:36.329: [INFO] BookmarksSnapshot Shutdown total=0 bar=0 other=0 mobile=0 showBar=0 showBarNTP=1
2026-09-20 16:54:18.801: [INFO] CurrentProfilePath: C:\Users\Charles\Downloads\Sifu Modding\Movesets Prototypes\Moveset Maker\SifuMovesetEditor\bin\Debug\net10.0-windows\SifuMovesetEditor.exe.WebView2\EBWebView\Default
2026-09-20 16:54:18.801: [INFO] Profiles total count: 1
2026-09-20 16:54:18.801: [INFO] Profile: name=Profile 1 path=C:\Users\Charles\Downloads\Sifu Modding\Movesets Prototypes\Moveset Maker\SifuMovesetEditor\bin\Debug\net10.0-windows\SifuMovesetEditor.exe.WebView2\EBWebView\Default lastActive=2026-09-20T16:28:14.843Z
2026-09-20 16:54:18.801: [INFO] LastUsedProfileDir: C:\Users\Charles\Downloads\Sifu Modding\Movesets Prototypes\Moveset Maker\SifuMovesetEditor\bin\Debug\net10.0-windows\SifuMovesetEditor.exe.WebView2\EBWebView\Default
2026-09-20 16:54:18.801: [INFO] MostRecentlyActiveProfile: name=Profile 1 path=C:\Users\Charles\Downloads\Sifu Modding\Movesets Prototypes\Moveset Maker\SifuMovesetEditor\bin\Debug\net10.0-windows\SifuMovesetEditor.exe.WebView2\EBWebView\Default lastActive=2026-09-20T16:28:14.843Z
2026-09-20 16:54:18.801: [INFO] OnDoneLoading sync enabled: 0
2026-09-20 16:54:18.801: [INFO] BookmarkModelLoaded, ids_reassigned: 0
2026-09-20 16:54:18.801: [INFO] BookmarksLoadDropped droppedNodes=0
2026-09-20 16:54:18.801: [INFO] BookmarksSnapshot Startup total=0 bar=0 other=0 mobile=0 showBar=0 showBarNTP=1
2026-09-20 17:46:20.584: [INFO] BookmarksSnapshot Shutdown total=0 bar=0 other=0 mobile=0 showBar=0 showBarNTP=1
2026-09-21 11:43:08.469: [INFO] CurrentProfilePath: C:\Users\Charles\Downloads\Sifu Modding\Movesets Prototypes\Moveset Maker\SifuMovesetEditor\bin\Debug\net10.0-windows\SifuMovesetEditor.exe.WebView2\EBWebView\Default
2026-09-21 11:43:08.469: [INFO] Profiles total count: 1
2026-09-21 11:43:08.469: [INFO] Profile: name=Profile 1 path=C:\Users\Charles\Downloads\Sifu Modding\Movesets Prototypes\Moveset Maker\SifuMovesetEditor\bin\Debug\net10.0-windows\SifuMovesetEditor.exe.WebView2\EBWebView\Default lastActive=2026-09-20T16:56:11.321Z
2026-09-21 11:43:08.469: [INFO] LastUsedProfileDir: C:\Users\Charles\Downloads\Sifu Modding\Movesets Prototypes\Moveset Maker\SifuMovesetEditor\bin\Debug\net10.0-windows\SifuMovesetEditor.exe.WebView2\EBWebView\Default
2026-09-21 11:43:08.469: [INFO] MostRecentlyActiveProfile: name=Profile 1 path=C:\Users\Charles\Downloads\Sifu Modding\Movesets Prototypes\Moveset Maker\SifuMovesetEditor\bin\Debug\net10.0-windows\SifuMovesetEditor.exe.WebView2\EBWebView\Default lastActive=2026-09-20T16:56:11.321Z
2026-09-21 11:43:08.469: [INFO] OnDoneLoading sync enabled: 0
2026-09-21 11:43:08.469: [INFO] BookmarkModelLoaded, ids_reassigned: 0
2026-09-21 11:43:08.469: [INFO] BookmarksLoadDropped droppedNodes=0
2026-09-21 11:43:08.469: [INFO] BookmarksSnapshot Startup total=0 bar=0 other=0 mobile=0 showBar=0 showBarNTP=1
2026-09-21 11:55:41.980: [INFO] BookmarksSnapshot Shutdown total=0 bar=0 other=0 mobile=0 showBar=0 showBarNTP=1
2026-09-21 12:54:53.528: [INFO] CurrentProfilePath: C:\Users\Charles\Downloads\Sifu Modding\Movesets Prototypes\Moveset Maker\SifuMovesetEditor\bin\Debug\net10.0-windows\SifuMovesetEditor.exe.WebView2\EBWebView\Default
2026-09-21 12:54:53.528: [INFO] Profiles total count: 1
2026-09-21 12:54:53.528: [INFO] Profile: name=Profile 1 path=C:\Users\Charles\Downloads\Sifu Modding\Movesets Prototypes\Moveset Maker\SifuMovesetEditor\bin\Debug\net10.0-windows\SifuMovesetEditor.exe.WebView2\EBWebView\Default lastActive=2026-09-21T11:52:04.013Z
2026-09-21 12:54:53.528: [INFO] LastUsedProfileDir: C:\Users\Charles\Downloads\Sifu Modding\Movesets Prototypes\Moveset Maker\SifuMovesetEditor\bin\Debug\net10.0-windows\SifuMovesetEditor.exe.WebView2\EBWebView\Default
2026-09-21 12:54:53.528: [INFO] MostRecentlyActiveProfile: name=Profile 1 path=C:\Users\Charles\Downloads\Sifu Modding\Movesets Prototypes\Moveset Maker\SifuMovesetEditor\bin\Debug\net10.0-windows\SifuMovesetEditor.exe.WebView2\EBWebView\Default lastActive=2026-09-21T11:52:04.013Z
2026-09-21 12:54:53.528: [INFO] OnDoneLoading sync enabled: 0
2026-09-21 12:54:53.528: [INFO] BookmarkModelLoaded, ids_reassigned: 0
2026-09-21 12:54:53.528: [INFO] BookmarksLoadDropped droppedNodes=0
2026-09-21 12:54:53.528: [INFO] BookmarksSnapshot Startup total=0 bar=0 other=0 mobile=0 showBar=0 showBarNTP=1
2026-09-21 12:55:47.268: [INFO] BookmarksSnapshot Shutdown total=0 bar=0 other=0 mobile=0 showBar=0 showBarNTP=1
2026-09-21 14:11:16.676: [INFO] CurrentProfilePath: C:\Users\Charles\Downloads\Sifu Modding\Movesets Prototypes\Moveset Maker\SifuMovesetEditor\bin\Debug\net10.0-windows\SifuMovesetEditor.exe.WebView2\EBWebView\Default
2026-09-21 14:11:16.676: [INFO] Profiles total count: 1
2026-09-21 14:11:16.676: [INFO] Profile: name=Profile 1 path=C:\Users\Charles\Downloads\Sifu Modding\Movesets Prototypes\Moveset Maker\SifuMovesetEditor\bin\Debug\net10.0-windows\SifuMovesetEditor.exe.WebView2\EBWebView\Default lastActive=2026-09-21T11:52:04.013Z
2026-09-21 14:11:16.676: [INFO] LastUsedProfileDir: C:\Users\Charles\Downloads\Sifu Modding\Movesets Prototypes\Moveset Maker\SifuMovesetEditor\bin\Debug\net10.0-windows\SifuMovesetEditor.exe.WebView2\EBWebView\Default
2026-09-21 14:11:16.676: [INFO] MostRecentlyActiveProfile: name=Profile 1 path=C:\Users\Charles\Downloads\Sifu Modding\Movesets Prototypes\Moveset Maker\SifuMovesetEditor\bin\Debug\net10.0-windows\SifuMovesetEditor.exe.WebView2\EBWebView\Default lastActive=2026-09-21T11:52:04.013Z
2026-09-21 14:11:16.676: [INFO] OnDoneLoading sync enabled: 0
2026-09-21 14:11:16.676: [INFO] BookmarkModelLoaded, ids_reassigned: 0
2026-09-21 14:11:16.676: [INFO] BookmarksLoadDropped droppedNodes=0
2026-09-21 14:11:16.676: [INFO] BookmarksSnapshot Startup total=0 bar=0 other=0 mobile=0 showBar=0 showBarNTP=1
2026-09-21 14:13:24.431: [INFO] BookmarksSnapshot Shutdown total=0 bar=0 other=0 mobile=0 showBar=0 showBarNTP=1
2026-09-21 14:33:40.542: [INFO] CurrentProfilePath: C:\Users\Charles\Downloads\Sifu Modding\Movesets Prototypes\Moveset Maker\SifuMovesetEditor\bin\Debug\net10.0-windows\SifuMovesetEditor.exe.WebView2\EBWebView\Default
2026-09-21 14:33:40.542: [INFO] Profiles total count: 1
2026-09-21 14:33:40.542: [INFO] Profile: name=Profile 1 path=C:\Users\Charles\Downloads\Sifu Modding\Movesets Prototypes\Moveset Maker\SifuMovesetEditor\bin\Debug\net10.0-windows\SifuMovesetEditor.exe.WebView2\EBWebView\Default lastActive=2026-09-21T14:12:22.955Z
2026-09-21 14:33:40.542: [INFO] LastUsedProfileDir: C:\Users\Charles\Downloads\Sifu Modding\Movesets Prototypes\Moveset Maker\SifuMovesetEditor\bin\Debug\net10.0-windows\SifuMovesetEditor.exe.WebView2\EBWebView\Default
2026-09-21 14:33:40.542: [INFO] MostRecentlyActiveProfile: name=Profile 1 path=C:\Users\Charles\Downloads\Sifu Modding\Movesets Prototypes\Moveset Maker\SifuMovesetEditor\bin\Debug\net10.0-windows\SifuMovesetEditor.exe.WebView2\EBWebView\Default lastActive=2026-09-21T14:12:22.955Z
2026-09-21 14:33:40.542: [INFO] OnDoneLoading sync enabled: 0
2026-09-21 14:33:40.542: [INFO] BookmarkModelLoaded, ids_reassigned: 0
2026-09-21 14:33:40.542: [INFO] BookmarksLoadDropped droppedNodes=0
2026-09-21 14:33:40.542: [INFO] BookmarksSnapshot Startup total=0 bar=0 other=0 mobile=0 showBar=0 showBarNTP=1
2026-09-21 14:49:45.311: [INFO] BookmarksSnapshot Shutdown total=0 bar=0 other=0 mobile=0 showBar=0 showBarNTP=1
2026-09-21 14:59:20.392: [INFO] CurrentProfilePath: C:\Users\Charles\Downloads\Sifu Modding\Movesets Prototypes\Moveset Maker\SifuMovesetEditor\bin\Debug\net10.0-windows\SifuMovesetEditor.exe.WebView2\EBWebView\Default
2026-09-21 14:59:20.392: [INFO] Profiles total count: 1
2026-09-21 14:59:20.392: [INFO] Profile: name=Profile 1 path=C:\Users\Charles\Downloads\Sifu Modding\Movesets Prototypes\Moveset Maker\SifuMovesetEditor\bin\Debug\net10.0-windows\SifuMovesetEditor.exe.WebView2\EBWebView\Default lastActive=2026-09-21T14:12:22.955Z
2026-09-21 14:59:20.392: [INFO] LastUsedProfileDir: C:\Users\Charles\Downloads\Sifu Modding\Movesets Prototypes\Moveset Maker\SifuMovesetEditor\bin\Debug\net10.0-windows\SifuMovesetEditor.exe.WebView2\EBWebView\Default
2026-09-21 14:59:20.392: [INFO] MostRecentlyActiveProfile: name=Profile 1 path=C:\Users\Charles\Downloads\Sifu Modding\Movesets Prototypes\Moveset Maker\SifuMovesetEditor\bin\Debug\net10.0-windows\SifuMovesetEditor.exe.WebView2\EBWebView\Default lastActive=2026-09-21T14:12:22.955Z
2026-09-21 14:59:20.392: [INFO] OnDoneLoading sync enabled: 0
2026-09-21 14:59:20.392: [INFO] BookmarkModelLoaded, ids_reassigned: 0
2026-09-21 14:59:20.392: [INFO] BookmarksLoadDropped droppedNodes=0
2026-09-21 14:59:20.392: [INFO] BookmarksSnapshot Startup total=0 bar=0 other=0 mobile=0 showBar=0 showBarNTP=1
2026-09-21 15:12:41.239: [INFO] BookmarksSnapshot Shutdown total=0 bar=0 other=0 mobile=0 showBar=0 showBarNTP=1
2026-09-21 15:26:40.140: [INFO] CurrentProfilePath: C:\Users\Charles\Downloads\Sifu Modding\Movesets Prototypes\Moveset Maker\SifuMovesetEditor\bin\Debug\net10.0-windows\SifuMovesetEditor.exe.WebView2\EBWebView\Default
2026-09-21 15:26:40.140: [INFO] Profiles total count: 1
2026-09-21 15:26:40.141: [INFO] Profile: name=Profile 1 path=C:\Users\Charles\Downloads\Sifu Modding\Movesets Prototypes\Moveset Maker\SifuMovesetEditor\bin\Debug\net10.0-windows\SifuMovesetEditor.exe.WebView2\EBWebView\Default lastActive=2026-09-21T14:12:22.955Z
2026-09-21 15:26:40.141: [INFO] LastUsedProfileDir: C:\Users\Charles\Downloads\Sifu Modding\Movesets Prototypes\Moveset Maker\SifuMovesetEditor\bin\Debug\net10.0-windows\SifuMovesetEditor.exe.WebView2\EBWebView\Default
2026-09-21 15:26:40.141: [INFO] MostRecentlyActiveProfile: name=Profile 1 path=C:\Users\Charles\Downloads\Sifu Modding\Movesets Prototypes\Moveset Maker\SifuMovesetEditor\bin\Debug\net10.0-windows\SifuMovesetEditor.exe.WebView2\EBWebView\Default lastActive=2026-09-21T14:12:22.955Z
2026-09-21 15:26:40.141: [INFO] OnDoneLoading sync enabled: 0
2026-09-21 15:26:40.141: [INFO] BookmarkModelLoaded, ids_reassigned: 0
2026-09-21 15:26:40.141: [INFO] BookmarksLoadDropped droppedNodes=0
2026-09-21 15:26:40.141: [INFO] BookmarksSnapshot Startup total=0 bar=0 other=0 mobile=0 showBar=0 showBarNTP=1
2026-09-21 15:38:25.202: [INFO] BookmarksSnapshot Shutdown total=0 bar=0 other=0 mobile=0 showBar=0 showBarNTP=1
2026-09-21 15:44:41.485: [INFO] CurrentProfilePath: C:\Users\Charles\Downloads\Sifu Modding\Movesets Prototypes\Moveset Maker\SifuMovesetEditor\bin\Debug\net10.0-windows\SifuMovesetEditor.exe.WebView2\EBWebView\Default
2026-09-21 15:44:41.485: [INFO] Profiles total count: 1
2026-09-21 15:44:41.485: [INFO] Profile: name=Profile 1 path=C:\Users\Charles\Downloads\Sifu Modding\Movesets Prototypes\Moveset Maker\SifuMovesetEditor\bin\Debug\net10.0-windows\SifuMovesetEditor.exe.WebView2\EBWebView\Default lastActive=2026-09-21T14:12:22.955Z
2026-09-21 15:44:41.485: [INFO] LastUsedProfileDir: C:\Users\Charles\Downloads\Sifu Modding\Movesets Prototypes\Moveset Maker\SifuMovesetEditor\bin\Debug\net10.0-windows\SifuMovesetEditor.exe.WebView2\EBWebView\Default
2026-09-21 15:44:41.485: [INFO] MostRecentlyActiveProfile: name=Profile 1 path=C:\Users\Charles\Downloads\Sifu Modding\Movesets Prototypes\Moveset Maker\SifuMovesetEditor\bin\Debug\net10.0-windows\SifuMovesetEditor.exe.WebView2\EBWebView\Default lastActive=2026-09-21T14:12:22.955Z
2026-09-21 15:44:41.485: [INFO] OnDoneLoading sync enabled: 0
2026-09-21 15:44:41.485: [INFO] BookmarkModelLoaded, ids_reassigned: 0
2026-09-21 15:44:41.485: [INFO] BookmarksLoadDropped droppedNodes=0
2026-09-21 15:44:41.485: [INFO] BookmarksSnapshot Startup total=0 bar=0 other=0 mobile=0 showBar=0 showBarNTP=1
2026-09-21 16:04:19.968: [INFO] BookmarksSnapshot Shutdown total=0 bar=0 other=0 mobile=0 showBar=0 showBarNTP=1
2026-09-21 16:37:45.761: [INFO] CurrentProfilePath: C:\Users\Charles\Downloads\Sifu Modding\Movesets Prototypes\Moveset Maker\SifuMovesetEditor\bin\Debug\net10.0-windows\SifuMovesetEditor.exe.WebView2\EBWebView\Default
2026-09-21 16:37:45.761: [INFO] Profiles total count: 1
2026-09-21 16:37:45.761: [INFO] Profile: name=Profile 1 path=C:\Users\Charles\Downloads\Sifu Modding\Movesets Prototypes\Moveset Maker\SifuMovesetEditor\bin\Debug\net10.0-windows\SifuMovesetEditor.exe.WebView2\EBWebView\Default lastActive=2026-09-21T14:12:22.955Z
2026-09-21 16:37:45.761: [INFO] LastUsedProfileDir: C:\Users\Charles\Downloads\Sifu Modding\Movesets Prototypes\Moveset Maker\SifuMovesetEditor\bin\Debug\net10.0-windows\SifuMovesetEditor.exe.WebView2\EBWebView\Default
2026-09-21 16:37:45.761: [INFO] MostRecentlyActiveProfile: name=Profile 1 path=C:\Users\Charles\Downloads\Sifu Modding\Movesets Prototypes\Moveset Maker\SifuMovesetEditor\bin\Debug\net10.0-windows\SifuMovesetEditor.exe.WebView2\EBWebView\Default lastActive=2026-09-21T14:12:22.955Z
2026-09-21 16:37:45.761: [INFO] OnDoneLoading sync enabled: 0
2026-09-21 16:37:45.761: [INFO] BookmarkModelLoaded, ids_reassigned: 0
2026-09-21 16:37:45.761: [INFO] BookmarksLoadDropped droppedNodes=0
2026-09-21 16:37:45.761: [INFO] BookmarksSnapshot Startup total=0 bar=0 other=0 mobile=0 showBar=0 showBarNTP=1
2026-09-21 16:50:05.664: [INFO] BookmarksSnapshot Shutdown total=0 bar=0 other=0 mobile=0 showBar=0 showBarNTP=1
2026-09-21 17:00:27.431: [INFO] CurrentProfilePath: C:\Users\Charles\Downloads\Sifu Modding\Movesets Prototypes\Moveset Maker\SifuMovesetEditor\bin\Debug\net10.0-windows\SifuMovesetEditor.exe.WebView2\EBWebView\Default
2026-09-21 17:00:27.431: [INFO] Profiles total count: 1
2026-09-21 17:00:27.431: [INFO] Profile: name=Profile 1 path=C:\Users\Charles\Downloads\Sifu Modding\Movesets Prototypes\Moveset Maker\SifuMovesetEditor\bin\Debug\net10.0-windows\SifuMovesetEditor.exe.WebView2\EBWebView\Default lastActive=2026-09-21T14:12:22.955Z
2026-09-21 17:00:27.431: [INFO] LastUsedProfileDir: C:\Users\Charles\Downloads\Sifu Modding\Movesets Prototypes\Moveset Maker\SifuMovesetEditor\bin\Debug\net10.0-windows\SifuMovesetEditor.exe.WebView2\EBWebView\Default
2026-09-21 17:00:27.431: [INFO] MostRecentlyActiveProfile: name=Profile 1 path=C:\Users\Charles\Downloads\Sifu Modding\Movesets Prototypes\Moveset Maker\SifuMovesetEditor\bin\Debug\net10.0-windows\SifuMovesetEditor.exe.WebView2\EBWebView\Default lastActive=2026-09-21T14:12:22.955Z
2026-09-21 17:00:27.431: [INFO] OnDoneLoading sync enabled: 0
2026-09-21 17:00:27.431: [INFO] BookmarkModelLoaded, ids_reassigned: 0
2026-09-21 17:00:27.431: [INFO] BookmarksLoadDropped droppedNodes=0
2026-09-21 17:00:27.431: [INFO] BookmarksSnapshot Startup total=0 bar=0 other=0 mobile=0 showBar=0 showBarNTP=1
2026-09-21 17:01:36.801: [INFO] BookmarksSnapshot Shutdown total=0 bar=0 other=0 mobile=0 showBar=0 showBarNTP=1
2026-09-21 17:28:58.233: [INFO] CurrentProfilePath: C:\Users\Charles\Downloads\Sifu Modding\Movesets Prototypes\Moveset Maker\SifuMovesetEditor\bin\Debug\net10.0-windows\SifuMovesetEditor.exe.WebView2\EBWebView\Default
2026-09-21 17:28:58.233: [INFO] Profiles total count: 1
2026-09-21 17:28:58.234: [INFO] Profile: name=Profile 1 path=C:\Users\Charles\Downloads\Sifu Modding\Movesets Prototypes\Moveset Maker\SifuMovesetEditor\bin\Debug\net10.0-windows\SifuMovesetEditor.exe.WebView2\EBWebView\Default lastActive=2026-09-21T14:12:22.955Z
2026-09-21 17:28:58.234: [INFO] LastUsedProfileDir: C:\Users\Charles\Downloads\Sifu Modding\Movesets Prototypes\Moveset Maker\SifuMovesetEditor\bin\Debug\net10.0-windows\SifuMovesetEditor.exe.WebView2\EBWebView\Default
2026-09-21 17:28:58.234: [INFO] MostRecentlyActiveProfile: name=Profile 1 path=C:\Users\Charles\Downloads\Sifu Modding\Movesets Prototypes\Moveset Maker\SifuMovesetEditor\bin\Debug\net10.0-windows\SifuMovesetEditor.exe.WebView2\EBWebView\Default lastActive=2026-09-21T14:12:22.955Z
2026-09-21 17:28:58.234: [INFO] OnDoneLoading sync enabled: 0
2026-09-21 17:28:58.234: [INFO] BookmarkModelLoaded, ids_reassigned: 0
2026-09-21 17:28:58.234: [INFO] BookmarksLoadDropped droppedNodes=0
2026-09-21 17:28:58.234: [INFO] BookmarksSnapshot Startup total=0 bar=0 other=0 mobile=0 showBar=0 showBarNTP=1
2026-09-21 17:31:29.149: [INFO] BookmarksSnapshot Shutdown total=0 bar=0 other=0 mobile=0 showBar=0 showBarNTP=1
2026-09-21 17:54:33.123: [INFO] CurrentProfilePath: C:\Users\Charles\Downloads\Sifu Modding\Movesets Prototypes\Moveset Maker\SifuMovesetEditor\bin\Debug\net10.0-windows\SifuMovesetEditor.exe.WebView2\EBWebView\Default
2026-09-21 17:54:33.123: [INFO] Profiles total count: 1
2026-09-21 17:54:33.123: [INFO] Profile: name=Profile 1 path=C:\Users\Charles\Downloads\Sifu Modding\Movesets Prototypes\Moveset Maker\SifuMovesetEditor\bin\Debug\net10.0-windows\SifuMovesetEditor.exe.WebView2\EBWebView\Default lastActive=2026-09-21T14:12:22.955Z
2026-09-21 17:54:33.123: [INFO] LastUsedProfileDir: C:\Users\Charles\Downloads\Sifu Modding\Movesets Prototypes\Moveset Maker\SifuMovesetEditor\bin\Debug\net10.0-windows\SifuMovesetEditor.exe.WebView2\EBWebView\Default
2026-09-21 17:54:33.123: [INFO] MostRecentlyActiveProfile: name=Profile 1 path=C:\Users\Charles\Downloads\Sifu Modding\Movesets Prototypes\Moveset Maker\SifuMovesetEditor\bin\Debug\net10.0-windows\SifuMovesetEditor.exe.WebView2\EBWebView\Default lastActive=2026-09-21T14:12:22.955Z
2026-09-21 17:54:33.123: [INFO] OnDoneLoading sync enabled: 0
2026-09-21 17:54:33.123: [INFO] BookmarkModelLoaded, ids_reassigned: 0
2026-09-21 17:54:33.123: [INFO] BookmarksLoadDropped droppedNodes=0
2026-09-21 17:54:33.123: [INFO] BookmarksSnapshot Startup total=0 bar=0 other=0 mobile=0 showBar=0 showBarNTP=1
2026-09-21 17:59:22.358: [INFO] BookmarksSnapshot Shutdown total=0 bar=0 other=0 mobile=0 showBar=0 showBarNTP=1
2026-09-21 18:21:26.042: [INFO] CurrentProfilePath: C:\Users\Charles\Downloads\Sifu Modding\Movesets Prototypes\Moveset Maker\SifuMovesetEditor\bin\Debug\net10.0-windows\SifuMovesetEditor.exe.WebView2\EBWebView\Default
2026-09-21 18:21:26.042: [INFO] Profiles total count: 1
2026-09-21 18:21:26.042: [INFO] Profile: name=Profile 1 path=C:\Users\Charles\Downloads\Sifu Modding\Movesets Prototypes\Moveset Maker\SifuMovesetEditor\bin\Debug\net10.0-windows\SifuMovesetEditor.exe.WebView2\EBWebView\Default lastActive=2026-09-21T14:12:22.955Z
2026-09-21 18:21:26.042: [INFO] LastUsedProfileDir: C:\Users\Charles\Downloads\Sifu Modding\Movesets Prototypes\Moveset Maker\SifuMovesetEditor\bin\Debug\net10.0-windows\SifuMovesetEditor.exe.WebView2\EBWebView\Default
2026-09-21 18:21:26.042: [INFO] MostRecentlyActiveProfile: name=Profile 1 path=C:\Users\Charles\Downloads\Sifu Modding\Movesets Prototypes\Moveset Maker\SifuMovesetEditor\bin\Debug\net10.0-windows\SifuMovesetEditor.exe.WebView2\EBWebView\Default lastActive=2026-09-21T14:12:22.955Z
2026-09-21 18:21:26.042: [INFO] OnDoneLoading sync enabled: 0
2026-09-21 18:21:26.042: [INFO] BookmarkModelLoaded, ids_reassigned: 0
2026-09-21 18:21:26.042: [INFO] BookmarksLoadDropped droppedNodes=0
2026-09-21 18:21:26.042: [INFO] BookmarksSnapshot Startup total=0 bar=0 other=0 mobile=0 showBar=0 showBarNTP=1
2026-09-21 19:03:37.844: [INFO] BookmarksSnapshot Shutdown total=0 bar=0 other=0 mobile=0 showBar=0 showBarNTP=1
2026-09-21 20:01:24.800: [INFO] CurrentProfilePath: C:\Users\Charles\Downloads\Sifu Modding\Movesets Prototypes\Moveset Maker\SifuMovesetEditor\bin\Debug\net10.0-windows\SifuMovesetEditor.exe.WebView2\EBWebView\Default
2026-09-21 20:01:24.800: [INFO] Profiles total count: 1
2026-09-21 20:01:24.800: [INFO] Profile: name=Profile 1 path=C:\Users\Charles\Downloads\Sifu Modding\Movesets Prototypes\Moveset Maker\SifuMovesetEditor\bin\Debug\net10.0-windows\SifuMovesetEditor.exe.WebView2\EBWebView\Default lastActive=2026-09-21T18:51:30.335Z
2026-09-21 20:01:24.800: [INFO] LastUsedProfileDir: C:\Users\Charles\Downloads\Sifu Modding\Movesets Prototypes\Moveset Maker\SifuMovesetEditor\bin\Debug\net10.0-windows\SifuMovesetEditor.exe.WebView2\EBWebView\Default
2026-09-21 20:01:24.800: [INFO] MostRecentlyActiveProfile: name=Profile 1 path=C:\Users\Charles\Downloads\Sifu Modding\Movesets Prototypes\Moveset Maker\SifuMovesetEditor\bin\Debug\net10.0-windows\SifuMovesetEditor.exe.WebView2\EBWebView\Default lastActive=2026-09-21T18:51:30.335Z
2026-09-21 20:01:24.800: [INFO] OnDoneLoading sync enabled: 0
2026-09-21 20:01:24.800: [INFO] BookmarkModelLoaded, ids_reassigned: 0
2026-09-21 20:01:24.800: [INFO] BookmarksLoadDropped droppedNodes=0
2026-09-21 20:01:24.800: [INFO] BookmarksSnapshot Startup total=0 bar=0 other=0 mobile=0 showBar=0 showBarNTP=1
2026-09-21 20:05:36.709: [INFO] BookmarksSnapshot Shutdown total=0 bar=0 other=0 mobile=0 showBar=0 showBarNTP=1
2026-09-21 20:20:04.071: [INFO] CurrentProfilePath: C:\Users\Charles\Downloads\Sifu Modding\Movesets Prototypes\Moveset Maker\SifuMovesetEditor\bin\Debug\net10.0-windows\SifuMovesetEditor.exe.WebView2\EBWebView\Default
2026-09-21 20:20:04.071: [INFO] Profiles total count: 1
2026-09-21 20:20:04.071: [INFO] Profile: name=Profile 1 path=C:\Users\Charles\Downloads\Sifu Modding\Movesets Prototypes\Moveset Maker\SifuMovesetEditor\bin\Debug\net10.0-windows\SifuMovesetEditor.exe.WebView2\EBWebView\Default lastActive=2026-09-21T18:51:30.335Z
2026-09-21 20:20:04.071: [INFO] LastUsedProfileDir: C:\Users\Charles\Downloads\Sifu Modding\Movesets Prototypes\Moveset Maker\SifuMovesetEditor\bin\Debug\net10.0-windows\SifuMovesetEditor.exe.WebView2\EBWebView\Default
2026-09-21 20:20:04.072: [INFO] MostRecentlyActiveProfile: name=Profile 1 path=C:\Users\Charles\Downloads\Sifu Modding\Movesets Prototypes\Moveset Maker\SifuMovesetEditor\bin\Debug\net10.0-windows\SifuMovesetEditor.exe.WebView2\EBWebView\Default lastActive=2026-09-21T18:51:30.335Z
2026-09-21 20:20:04.072: [INFO] OnDoneLoading sync enabled: 0
2026-09-21 20:20:04.072: [INFO] BookmarkModelLoaded, ids_reassigned: 0
2026-09-21 20:20:04.072: [INFO] BookmarksLoadDropped droppedNodes=0
2026-09-21 20:20:04.072: [INFO] BookmarksSnapshot Startup total=0 bar=0 other=0 mobile=0 showBar=0 showBarNTP=1
2026-09-21 20:40:28.302: [INFO] BookmarksSnapshot Shutdown total=0 bar=0 other=0 mobile=0 showBar=0 showBarNTP=1
2026-09-21 20:43:59.245: [INFO] CurrentProfilePath: C:\Users\Charles\Downloads\Sifu Modding\Movesets Prototypes\Moveset Maker\SifuMovesetEditor\bin\Debug\net10.0-windows\SifuMovesetEditor.exe.WebView2\EBWebView\Default
2026-09-21 20:43:59.245: [INFO] Profiles total count: 1
2026-09-21 20:43:59.246: [INFO] Profile: name=Profile 1 path=C:\Users\Charles\Downloads\Sifu Modding\Movesets Prototypes\Moveset Maker\SifuMovesetEditor\bin\Debug\net10.0-windows\SifuMovesetEditor.exe.WebView2\EBWebView\Default lastActive=2026-09-21T18:51:30.335Z
2026-09-21 20:43:59.246: [INFO] LastUsedProfileDir: C:\Users\Charles\Downloads\Sifu Modding\Movesets Prototypes\Moveset Maker\SifuMovesetEditor\bin\Debug\net10.0-windows\SifuMovesetEditor.exe.WebView2\EBWebView\Default
2026-09-21 20:43:59.246: [INFO] MostRecentlyActiveProfile: name=Profile 1 path=C:\Users\Charles\Downloads\Sifu Modding\Movesets Prototypes\Moveset Maker\SifuMovesetEditor\bin\Debug\net10.0-windows\SifuMovesetEditor.exe.WebView2\EBWebView\Default lastActive=2026-09-21T18:51:30.335Z
2026-09-21 20:43:59.246: [INFO] OnDoneLoading sync enabled: 0
2026-09-21 20:43:59.246: [INFO] BookmarkModelLoaded, ids_reassigned: 0
2026-09-21 20:43:59.246: [INFO] BookmarksLoadDropped droppedNodes=0
2026-09-21 20:43:59.246: [INFO] BookmarksSnapshot Startup total=0 bar=0 other=0 mobile=0 showBar=0 showBarNTP=1
2026-09-21 20:49:49.226: [INFO] BookmarksSnapshot Shutdown total=0 bar=0 other=0 mobile=0 showBar=0 showBarNTP=1
2026-09-21 20:52:20.187: [INFO] CurrentProfilePath: C:\Users\Charles\Downloads\Sifu Modding\Movesets Prototypes\Moveset Maker\SifuMovesetEditor\bin\Debug\net10.0-windows\SifuMovesetEditor.exe.WebView2\EBWebView\Default
2026-09-21 20:52:20.187: [INFO] Profiles total count: 1
2026-09-21 20:52:20.187: [INFO] Profile: name=Profile 1 path=C:\Users\Charles\Downloads\Sifu Modding\Movesets Prototypes\Moveset Maker\SifuMovesetEditor\bin\Debug\net10.0-windows\SifuMovesetEditor.exe.WebView2\EBWebView\Default lastActive=2026-09-21T18:51:30.335Z
2026-09-21 20:52:20.187: [INFO] LastUsedProfileDir: C:\Users\Charles\Downloads\Sifu Modding\Movesets Prototypes\Moveset Maker\SifuMovesetEditor\bin\Debug\net10.0-windows\SifuMovesetEditor.exe.WebView2\EBWebView\Default
2026-09-21 20:52:20.187: [INFO] MostRecentlyActiveProfile: name=Profile 1 path=C:\Users\Charles\Downloads\Sifu Modding\Movesets Prototypes\Moveset Maker\SifuMovesetEditor\bin\Debug\net10.0-windows\SifuMovesetEditor.exe.WebView2\EBWebView\Default lastActive=2026-09-21T18:51:30.335Z
2026-09-21 20:52:20.187: [INFO] OnDoneLoading sync enabled: 0
2026-09-21 20:52:20.187: [INFO] BookmarkModelLoaded, ids_reassigned: 0
2026-09-21 20:52:20.187: [INFO] BookmarksLoadDropped droppedNodes=0
2026-09-21 20:52:20.187: [INFO] BookmarksSnapshot Startup total=0 bar=0 other=0 mobile=0 showBar=0 showBarNTP=1
2026-09-21 21:12:35.157: [INFO] BookmarksSnapshot Shutdown total=0 bar=0 other=0 mobile=0 showBar=0 showBarNTP=1
2026-09-21 21:23:33.665: [INFO] CurrentProfilePath: C:\Users\Charles\Downloads\Sifu Modding\Movesets Prototypes\Moveset Maker\SifuMovesetEditor\bin\Debug\net10.0-windows\SifuMovesetEditor.exe.WebView2\EBWebView\Default
2026-09-21 21:23:33.665: [INFO] Profiles total count: 1
2026-09-21 21:23:33.665: [INFO] Profile: name=Profile 1 path=C:\Users\Charles\Downloads\Sifu Modding\Movesets Prototypes\Moveset Maker\SifuMovesetEditor\bin\Debug\net10.0-windows\SifuMovesetEditor.exe.WebView2\EBWebView\Default lastActive=2026-09-21T18:51:30.335Z
2026-09-21 21:23:33.665: [INFO] LastUsedProfileDir: C:\Users\Charles\Downloads\Sifu Modding\Movesets Prototypes\Moveset Maker\SifuMovesetEditor\bin\Debug\net10.0-windows\SifuMovesetEditor.exe.WebView2\EBWebView\Default
2026-09-21 21:23:33.665: [INFO] MostRecentlyActiveProfile: name=Profile 1 path=C:\Users\Charles\Downloads\Sifu Modding\Movesets Prototypes\Moveset Maker\SifuMovesetEditor\bin\Debug\net10.0-windows\SifuMovesetEditor.exe.WebView2\EBWebView\Default lastActive=2026-09-21T18:51:30.335Z
2026-09-21 21:23:33.665: [INFO] OnDoneLoading sync enabled: 0
2026-09-21 21:23:33.665: [INFO] BookmarkModelLoaded, ids_reassigned: 0
2026-09-21 21:23:33.665: [INFO] BookmarksLoadDropped droppedNodes=0
2026-09-21 21:23:33.665: [INFO] BookmarksSnapshot Startup total=0 bar=0 other=0 mobile=0 showBar=0 showBarNTP=1
2026-09-21 21:45:56.402: [INFO] BookmarksSnapshot Shutdown total=0 bar=0 other=0 mobile=0 showBar=0 showBarNTP=1
2026-09-21 21:47:51.053: [INFO] CurrentProfilePath: C:\Users\Charles\Downloads\Sifu Modding\Movesets Prototypes\Moveset Maker\SifuMovesetEditor\bin\Debug\net10.0-windows\SifuMovesetEditor.exe.WebView2\EBWebView\Default
2026-09-21 21:47:51.053: [INFO] Profiles total count: 1
2026-09-21 21:47:51.053: [INFO] Profile: name=Profile 1 path=C:\Users\Charles\Downloads\Sifu Modding\Movesets Prototypes\Moveset Maker\SifuMovesetEditor\bin\Debug\net10.0-windows\SifuMovesetEditor.exe.WebView2\EBWebView\Default lastActive=2026-09-21T18:51:30.335Z
2026-09-21 21:47:51.053: [INFO] LastUsedProfileDir: C:\Users\Charles\Downloads\Sifu Modding\Movesets Prototypes\Moveset Maker\SifuMovesetEditor\bin\Debug\net10.0-windows\SifuMovesetEditor.exe.WebView2\EBWebView\Default
2026-09-21 21:47:51.053: [INFO] MostRecentlyActiveProfile: name=Profile 1 path=C:\Users\Charles\Downloads\Sifu Modding\Movesets Prototypes\Moveset Maker\SifuMovesetEditor\bin\Debug\net10.0-windows\SifuMovesetEditor.exe.WebView2\EBWebView\Default lastActive=2026-09-21T18:51:30.335Z
2026-09-21 21:47:51.053: [INFO] OnDoneLoading sync enabled: 0
2026-09-21 21:47:51.053: [INFO] BookmarkModelLoaded, ids_reassigned: 0
2026-09-21 21:47:51.053: [INFO] BookmarksLoadDropped droppedNodes=0
2026-09-21 21:47:51.053: [INFO] BookmarksSnapshot Startup total=0 bar=0 other=0 mobile=0 showBar=0 showBarNTP=1
2026-09-21 22:06:55.320: [INFO] BookmarksSnapshot Shutdown total=0 bar=0 other=0 mobile=0 showBar=0 showBarNTP=1
2026-09-21 22:13:51.303: [INFO] CurrentProfilePath: C:\Users\Charles\Downloads\Sifu Modding\Movesets Prototypes\Moveset Maker\SifuMovesetEditor\bin\Debug\net10.0-windows\SifuMovesetEditor.exe.WebView2\EBWebView\Default
2026-09-21 22:13:51.303: [INFO] Profiles total count: 1
2026-09-21 22:13:51.303: [INFO] Profile: name=Profile 1 path=C:\Users\Charles\Downloads\Sifu Modding\Movesets Prototypes\Moveset Maker\SifuMovesetEditor\bin\Debug\net10.0-windows\SifuMovesetEditor.exe.WebView2\EBWebView\Default lastActive=2026-09-21T18:51:30.335Z
2026-09-21 22:13:51.303: [INFO] LastUsedProfileDir: C:\Users\Charles\Downloads\Sifu Modding\Movesets Prototypes\Moveset Maker\SifuMovesetEditor\bin\Debug\net10.0-windows\SifuMovesetEditor.exe.WebView2\EBWebView\Default
2026-09-21 22:13:51.303: [INFO] MostRecentlyActiveProfile: name=Profile 1 path=C:\Users\Charles\Downloads\Sifu Modding\Movesets Prototypes\Moveset Maker\SifuMovesetEditor\bin\Debug\net10.0-windows\SifuMovesetEditor.exe.WebView2\EBWebView\Default lastActive=2026-09-21T18:51:30.335Z
2026-09-21 22:13:51.303: [INFO] OnDoneLoading sync enabled: 0
2026-09-21 22:13:51.303: [INFO] BookmarkModelLoaded, ids_reassigned: 0
2026-09-21 22:13:51.303: [INFO] BookmarksLoadDropped droppedNodes=0
2026-09-21 22:13:51.303: [INFO] BookmarksSnapshot Startup total=0 bar=0 other=0 mobile=0 showBar=0 showBarNTP=1
2026-09-21 22:14:43.990: [INFO] BookmarksSnapshot Shutdown total=0 bar=0 other=0 mobile=0 showBar=0 showBarNTP=1
2026-09-21 22:46:05.525: [INFO] CurrentProfilePath: C:\Users\Charles\Downloads\Sifu Modding\Movesets Prototypes\Moveset Maker\SifuMovesetEditor\bin\Debug\net10.0-windows\SifuMovesetEditor.exe.WebView2\EBWebView\Default
2026-09-21 22:46:05.525: [INFO] Profiles total count: 1
2026-09-21 22:46:05.526: [INFO] Profile: name=Profile 1 path=C:\Users\Charles\Downloads\Sifu Modding\Movesets Prototypes\Moveset Maker\SifuMovesetEditor\bin\Debug\net10.0-windows\SifuMovesetEditor.exe.WebView2\EBWebView\Default lastActive=2026-09-21T18:51:30.335Z
2026-09-21 22:46:05.526: [INFO] LastUsedProfileDir: C:\Users\Charles\Downloads\Sifu Modding\Movesets Prototypes\Moveset Maker\SifuMovesetEditor\bin\Debug\net10.0-windows\SifuMovesetEditor.exe.WebView2\EBWebView\Default
2026-09-21 22:46:05.526: [INFO] MostRecentlyActiveProfile: name=Profile 1 path=C:\Users\Charles\Downloads\Sifu Modding\Movesets Prototypes\Moveset Maker\SifuMovesetEditor\bin\Debug\net10.0-windows\SifuMovesetEditor.exe.WebView2\EBWebView\Default lastActive=2026-09-21T18:51:30.335Z
2026-09-21 22:46:05.526: [INFO] OnDoneLoading sync enabled: 0
2026-09-21 22:46:05.526: [INFO] BookmarkModelLoaded, ids_reassigned: 0
2026-09-21 22:46:05.526: [INFO] BookmarksLoadDropped droppedNodes=0
2026-09-21 22:46:05.526: [INFO] BookmarksSnapshot Startup total=0 bar=0 other=0 mobile=0 showBar=0 showBarNTP=1
2026-09-21 23:13:17.619: [INFO] BookmarksSnapshot Shutdown total=0 bar=0 other=0 mobile=0 showBar=0 showBarNTP=1
2026-09-22 11:31:53.641: [INFO] CurrentProfilePath: C:\Users\Charles\Downloads\Sifu Modding\Movesets Prototypes\Moveset Maker\SifuMovesetEditor\bin\Debug\net10.0-windows\SifuMovesetEditor.exe.WebView2\EBWebView\Default
2026-09-22 11:31:53.641: [INFO] Profiles total count: 1
2026-09-22 11:31:53.641: [INFO] Profile: name=Profile 1 path=C:\Users\Charles\Downloads\Sifu Modding\Movesets Prototypes\Moveset Maker\SifuMovesetEditor\bin\Debug\net10.0-windows\SifuMovesetEditor.exe.WebView2\EBWebView\Default lastActive=2026-09-21T22:52:03.247Z
2026-09-22 11:31:53.641: [INFO] LastUsedProfileDir: C:\Users\Charles\Downloads\Sifu Modding\Movesets Prototypes\Moveset Maker\SifuMovesetEditor\bin\Debug\net10.0-windows\SifuMovesetEditor.exe.WebView2\EBWebView\Default
2026-09-22 11:31:53.641: [INFO] MostRecentlyActiveProfile: name=Profile 1 path=C:\Users\Charles\Downloads\Sifu Modding\Movesets Prototypes\Moveset Maker\SifuMovesetEditor\bin\Debug\net10.0-windows\SifuMovesetEditor.exe.WebView2\EBWebView\Default lastActive=2026-09-21T22:52:03.247Z
2026-09-22 11:31:53.641: [INFO] OnDoneLoading sync enabled: 0
2026-09-22 11:31:53.641: [INFO] BookmarkModelLoaded, ids_reassigned: 0
2026-09-22 11:31:53.641: [INFO] BookmarksLoadDropped droppedNodes=0
2026-09-22 11:31:53.641: [INFO] BookmarksSnapshot Startup total=0 bar=0 other=0 mobile=0 showBar=0 showBarNTP=1
2026-09-22 11:46:20.995: [INFO] BookmarksSnapshot Shutdown total=0 bar=0 other=0 mobile=0 showBar=0 showBarNTP=1
2026-09-22 11:57:24.742: [INFO] CurrentProfilePath: C:\Users\Charles\Downloads\Sifu Modding\Movesets Prototypes\Moveset Maker\SifuMovesetEditor\bin\Debug\net10.0-windows\SifuMovesetEditor.exe.WebView2\EBWebView\Default
2026-09-22 11:57:24.742: [INFO] Profiles total count: 1
2026-09-22 11:57:24.742: [INFO] Profile: name=Profile 1 path=C:\Users\Charles\Downloads\Sifu Modding\Movesets Prototypes\Moveset Maker\SifuMovesetEditor\bin\Debug\net10.0-windows\SifuMovesetEditor.exe.WebView2\EBWebView\Default lastActive=2026-09-22T11:35:40.956Z
2026-09-22 11:57:24.742: [INFO] LastUsedProfileDir: C:\Users\Charles\Downloads\Sifu Modding\Movesets Prototypes\Moveset Maker\SifuMovesetEditor\bin\Debug\net10.0-windows\SifuMovesetEditor.exe.WebView2\EBWebView\Default
2026-09-22 11:57:24.742: [INFO] MostRecentlyActiveProfile: name=Profile 1 path=C:\Users\Charles\Downloads\Sifu Modding\Movesets Prototypes\Moveset Maker\SifuMovesetEditor\bin\Debug\net10.0-windows\SifuMovesetEditor.exe.WebView2\EBWebView\Default lastActive=2026-09-22T11:35:40.956Z
2026-09-22 11:57:24.742: [INFO] OnDoneLoading sync enabled: 0
2026-09-22 11:57:24.742: [INFO] BookmarkModelLoaded, ids_reassigned: 0
2026-09-22 11:57:24.742: [INFO] BookmarksLoadDropped droppedNodes=0
2026-09-22 11:57:24.742: [INFO] BookmarksSnapshot Startup total=0 bar=0 other=0 mobile=0 showBar=0 showBarNTP=1
2026-09-22 12:27:00.213: [INFO] BookmarksSnapshot Shutdown total=0 bar=0 other=0 mobile=0 showBar=0 showBarNTP=1
2026-09-22 13:42:16.346: [INFO] CurrentProfilePath: C:\Users\Charles\Downloads\Sifu Modding\Movesets Prototypes\Moveset Maker\SifuMovesetEditor\bin\Debug\net10.0-windows\SifuMovesetEditor.exe.WebView2\EBWebView\Default
2026-09-22 13:42:16.346: [INFO] Profiles total count: 1
2026-09-22 13:42:16.346: [INFO] Profile: name=Profile 1 path=C:\Users\Charles\Downloads\Sifu Modding\Movesets Prototypes\Moveset Maker\SifuMovesetEditor\bin\Debug\net10.0-windows\SifuMovesetEditor.exe.WebView2\EBWebView\Default lastActive=2026-09-22T11:58:10.930Z
2026-09-22 13:42:16.346: [INFO] LastUsedProfileDir: C:\Users\Charles\Downloads\Sifu Modding\Movesets Prototypes\Moveset Maker\SifuMovesetEditor\bin\Debug\net10.0-windows\SifuMovesetEditor.exe.WebView2\EBWebView\Default
2026-09-22 13:42:16.346: [INFO] MostRecentlyActiveProfile: name=Profile 1 path=C:\Users\Charles\Downloads\Sifu Modding\Movesets Prototypes\Moveset Maker\SifuMovesetEditor\bin\Debug\net10.0-windows\SifuMovesetEditor.exe.WebView2\EBWebView\Default lastActive=2026-09-22T11:58:10.930Z
2026-09-22 13:42:16.346: [INFO] OnDoneLoading sync enabled: 0
2026-09-22 13:42:16.346: [INFO] BookmarkModelLoaded, ids_reassigned: 0
2026-09-22 13:42:16.346: [INFO] BookmarksLoadDropped droppedNodes=0
2026-09-22 13:42:16.346: [INFO] BookmarksSnapshot Startup total=0 bar=0 other=0 mobile=0 showBar=0 showBarNTP=1
2026-09-22 13:55:34.268: [INFO] BookmarksSnapshot Shutdown total=0 bar=0 other=0 mobile=0 showBar=0 showBarNTP=1
2026-09-22 14:17:38.659: [INFO] CurrentProfilePath: C:\Users\Charles\Downloads\Sifu Modding\Movesets Prototypes\Moveset Maker\SifuMovesetEditor\bin\Debug\net10.0-windows\SifuMovesetEditor.exe.WebView2\EBWebView\Default
2026-09-22 14:17:38.659: [INFO] Profiles total count: 1
2026-09-22 14:17:38.659: [INFO] Profile: name=Profile 1 path=C:\Users\Charles\Downloads\Sifu Modding\Movesets Prototypes\Moveset Maker\SifuMovesetEditor\bin\Debug\net10.0-windows\SifuMovesetEditor.exe.WebView2\EBWebView\Default lastActive=2026-09-22T11:58:10.930Z
2026-09-22 14:17:38.659: [INFO] LastUsedProfileDir: C:\Users\Charles\Downloads\Sifu Modding\Movesets Prototypes\Moveset Maker\SifuMovesetEditor\bin\Debug\net10.0-windows\SifuMovesetEditor.exe.WebView2\EBWebView\Default
2026-09-22 14:17:38.659: [INFO] MostRecentlyActiveProfile: name=Profile 1 path=C:\Users\Charles\Downloads\Sifu Modding\Movesets Prototypes\Moveset Maker\SifuMovesetEditor\bin\Debug\net10.0-windows\SifuMovesetEditor.exe.WebView2\EBWebView\Default lastActive=2026-09-22T11:58:10.930Z
2026-09-22 14:17:38.659: [INFO] OnDoneLoading sync enabled: 0
2026-09-22 14:17:38.659: [INFO] BookmarkModelLoaded, ids_reassigned: 0
2026-09-22 14:17:38.659: [INFO] BookmarksLoadDropped droppedNodes=0
2026-09-22 14:17:38.659: [INFO] BookmarksSnapshot Startup total=0 bar=0 other=0 mobile=0 showBar=0 showBarNTP=1
2026-09-22 14:19:48.411: [INFO] BookmarksSnapshot Shutdown total=0 bar=0 other=0 mobile=0 showBar=0 showBarNTP=1
2026-09-22 14:19:51.842: [INFO] CurrentProfilePath: C:\Users\Charles\Downloads\Sifu Modding\Movesets Prototypes\Moveset Maker\SifuMovesetEditor\bin\Debug\net10.0-windows\SifuMovesetEditor.exe.WebView2\EBWebView\Default
2026-09-22 14:19:51.842: [INFO] Profiles total count: 1
2026-09-22 14:19:51.842: [INFO] Profile: name=Profile 1 path=C:\Users\Charles\Downloads\Sifu Modding\Movesets Prototypes\Moveset Maker\SifuMovesetEditor\bin\Debug\net10.0-windows\SifuMovesetEditor.exe.WebView2\EBWebView\Default lastActive=2026-09-22T11:58:10.930Z
2026-09-22 14:19:51.842: [INFO] LastUsedProfileDir: C:\Users\Charles\Downloads\Sifu Modding\Movesets Prototypes\Moveset Maker\SifuMovesetEditor\bin\Debug\net10.0-windows\SifuMovesetEditor.exe.WebView2\EBWebView\Default
2026-09-22 14:19:51.842: [INFO] MostRecentlyActiveProfile: name=Profile 1 path=C:\Users\Charles\Downloads\Sifu Modding\Movesets Prototypes\Moveset Maker\SifuMovesetEditor\bin\Debug\net10.0-windows\SifuMovesetEditor.exe.WebView2\EBWebView\Default lastActive=2026-09-22T11:58:10.930Z
2026-09-22 14:19:51.842: [INFO] OnDoneLoading sync enabled: 0
2026-09-22 14:19:51.842: [INFO] BookmarkModelLoaded, ids_reassigned: 0
2026-09-22 14:19:51.842: [INFO] BookmarksLoadDropped droppedNodes=0
2026-09-22 14:19:51.842: [INFO] BookmarksSnapshot Startup total=0 bar=0 other=0 mobile=0 showBar=0 showBarNTP=1
2026-09-22 14:25:00.792: [INFO] BookmarksSnapshot Shutdown total=0 bar=0 other=0 mobile=0 showBar=0 showBarNTP=1
2026-09-22 14:26:37.313: [INFO] CurrentProfilePath: C:\Users\Charles\Downloads\Sifu Modding\Movesets Prototypes\Moveset Maker\SifuMovesetEditor\bin\Debug\net10.0-windows\SifuMovesetEditor.exe.WebView2\EBWebView\Default
2026-09-22 14:26:37.313: [INFO] Profiles total count: 1
2026-09-22 14:26:37.313: [INFO] Profile: name=Profile 1 path=C:\Users\Charles\Downloads\Sifu Modding\Movesets Prototypes\Moveset Maker\SifuMovesetEditor\bin\Debug\net10.0-windows\SifuMovesetEditor.exe.WebView2\EBWebView\Default lastActive=2026-09-22T14:22:21.403Z
2026-09-22 14:26:37.313: [INFO] LastUsedProfileDir: C:\Users\Charles\Downloads\Sifu Modding\Movesets Prototypes\Moveset Maker\SifuMovesetEditor\bin\Debug\net10.0-windows\SifuMovesetEditor.exe.WebView2\EBWebView\Default
2026-09-22 14:26:37.313: [INFO] MostRecentlyActiveProfile: name=Profile 1 path=C:\Users\Charles\Downloads\Sifu Modding\Movesets Prototypes\Moveset Maker\SifuMovesetEditor\bin\Debug\net10.0-windows\SifuMovesetEditor.exe.WebView2\EBWebView\Default lastActive=2026-09-22T14:22:21.403Z
2026-09-22 14:26:37.313: [INFO] OnDoneLoading sync enabled: 0
2026-09-22 14:26:37.313: [INFO] BookmarkModelLoaded, ids_reassigned: 0
2026-09-22 14:26:37.313: [INFO] BookmarksLoadDropped droppedNodes=0
2026-09-22 14:26:37.313: [INFO] BookmarksSnapshot Startup total=0 bar=0 other=0 mobile=0 showBar=0 showBarNTP=1
2026-09-22 14:31:08.771: [INFO] BookmarksSnapshot Shutdown total=0 bar=0 other=0 mobile=0 showBar=0 showBarNTP=1
2026-09-22 14:34:15.664: [INFO] CurrentProfilePath: C:\Users\Charles\Downloads\Sifu Modding\Movesets Prototypes\Moveset Maker\SifuMovesetEditor\bin\Debug\net10.0-windows\SifuMovesetEditor.exe.WebView2\EBWebView\Default
2026-09-22 14:34:15.664: [INFO] Profiles total count: 1
2026-09-22 14:34:15.665: [INFO] Profile: name=Profile 1 path=C:\Users\Charles\Downloads\Sifu Modding\Movesets Prototypes\Moveset Maker\SifuMovesetEditor\bin\Debug\net10.0-windows\SifuMovesetEditor.exe.WebView2\EBWebView\Default lastActive=2026-09-22T14:22:21.403Z
2026-09-22 14:34:15.665: [INFO] LastUsedProfileDir: C:\Users\Charles\Downloads\Sifu Modding\Movesets Prototypes\Moveset Maker\SifuMovesetEditor\bin\Debug\net10.0-windows\SifuMovesetEditor.exe.WebView2\EBWebView\Default
2026-09-22 14:34:15.665: [INFO] MostRecentlyActiveProfile: name=Profile 1 path=C:\Users\Charles\Downloads\Sifu Modding\Movesets Prototypes\Moveset Maker\SifuMovesetEditor\bin\Debug\net10.0-windows\SifuMovesetEditor.exe.WebView2\EBWebView\Default lastActive=2026-09-22T14:22:21.403Z
2026-09-22 14:34:15.665: [INFO] OnDoneLoading sync enabled: 0
2026-09-22 14:34:15.665: [INFO] BookmarkModelLoaded, ids_reassigned: 0
2026-09-22 14:34:15.665: [INFO] BookmarksLoadDropped droppedNodes=0
2026-09-22 14:34:15.665: [INFO] BookmarksSnapshot Startup total=0 bar=0 other=0 mobile=0 showBar=0 showBarNTP=1
2026-09-22 15:01:27.356: [INFO] BookmarksSnapshot Shutdown total=0 bar=0 other=0 mobile=0 showBar=0 showBarNTP=1
2026-09-22 15:49:51.873: [INFO] CurrentProfilePath: C:\Users\Charles\Downloads\Sifu Modding\Movesets Prototypes\Moveset Maker\SifuMovesetEditor\bin\Debug\net10.0-windows\SifuMovesetEditor.exe.WebView2\EBWebView\Default
2026-09-22 15:49:51.873: [INFO] Profiles total count: 1
2026-09-22 15:49:51.873: [INFO] Profile: name=Profile 1 path=C:\Users\Charles\Downloads\Sifu Modding\Movesets Prototypes\Moveset Maker\SifuMovesetEditor\bin\Debug\net10.0-windows\SifuMovesetEditor.exe.WebView2\EBWebView\Default lastActive=2026-09-22T14:22:21.403Z
2026-09-22 15:49:51.873: [INFO] LastUsedProfileDir: C:\Users\Charles\Downloads\Sifu Modding\Movesets Prototypes\Moveset Maker\SifuMovesetEditor\bin\Debug\net10.0-windows\SifuMovesetEditor.exe.WebView2\EBWebView\Default
2026-09-22 15:49:51.873: [INFO] MostRecentlyActiveProfile: name=Profile 1 path=C:\Users\Charles\Downloads\Sifu Modding\Movesets Prototypes\Moveset Maker\SifuMovesetEditor\bin\Debug\net10.0-windows\SifuMovesetEditor.exe.WebView2\EBWebView\Default lastActive=2026-09-22T14:22:21.403Z
2026-09-22 15:49:51.873: [INFO] OnDoneLoading sync enabled: 0
2026-09-22 15:49:51.873: [INFO] BookmarkModelLoaded, ids_reassigned: 0
2026-09-22 15:49:51.873: [INFO] BookmarksLoadDropped droppedNodes=0
2026-09-22 15:49:51.873: [INFO] BookmarksSnapshot Startup total=0 bar=0 other=0 mobile=0 showBar=0 showBarNTP=1
2026-09-22 16:33:35.775: [INFO] BookmarksSnapshot Shutdown total=0 bar=0 other=0 mobile=0 showBar=0 showBarNTP=1
2026-09-22 16:43:00.582: [INFO] CurrentProfilePath: C:\Users\Charles\Downloads\Sifu Modding\Movesets Prototypes\Moveset Maker\SifuMovesetEditor\bin\Debug\net10.0-windows\SifuMovesetEditor.exe.WebView2\EBWebView\Default
2026-09-22 16:43:00.582: [INFO] Profiles total count: 1
2026-09-22 16:43:00.583: [INFO] Profile: name=Profile 1 path=C:\Users\Charles\Downloads\Sifu Modding\Movesets Prototypes\Moveset Maker\SifuMovesetEditor\bin\Debug\net10.0-windows\SifuMovesetEditor.exe.WebView2\EBWebView\Default lastActive=2026-09-22T15:54:08.999Z
2026-09-22 16:43:00.583: [INFO] LastUsedProfileDir: C:\Users\Charles\Downloads\Sifu Modding\Movesets Prototypes\Moveset Maker\SifuMovesetEditor\bin\Debug\net10.0-windows\SifuMovesetEditor.exe.WebView2\EBWebView\Default
2026-09-22 16:43:00.583: [INFO] MostRecentlyActiveProfile: name=Profile 1 path=C:\Users\Charles\Downloads\Sifu Modding\Movesets Prototypes\Moveset Maker\SifuMovesetEditor\bin\Debug\net10.0-windows\SifuMovesetEditor.exe.WebView2\EBWebView\Default lastActive=2026-09-22T15:54:08.999Z
2026-09-22 16:43:00.583: [INFO] OnDoneLoading sync enabled: 0
2026-09-22 16:43:00.583: [INFO] BookmarkModelLoaded, ids_reassigned: 0
2026-09-22 16:43:00.583: [INFO] BookmarksLoadDropped droppedNodes=0
2026-09-22 16:43:00.583: [INFO] BookmarksSnapshot Startup total=0 bar=0 other=0 mobile=0 showBar=0 showBarNTP=1
2026-09-22 17:14:25.834: [INFO] BookmarksSnapshot Shutdown total=0 bar=0 other=0 mobile=0 showBar=0 showBarNTP=1
2026-09-22 17:49:46.465: [INFO] CurrentProfilePath: C:\Users\Charles\Downloads\Sifu Modding\Movesets Prototypes\Moveset Maker\SifuMovesetEditor\bin\Debug\net10.0-windows\SifuMovesetEditor.exe.WebView2\EBWebView\Default
2026-09-22 17:49:46.465: [INFO] Profiles total count: 1
2026-09-22 17:49:46.465: [INFO] Profile: name=Profile 1 path=C:\Users\Charles\Downloads\Sifu Modding\Movesets Prototypes\Moveset Maker\SifuMovesetEditor\bin\Debug\net10.0-windows\SifuMovesetEditor.exe.WebView2\EBWebView\Default lastActive=2026-09-22T16:47:56.280Z
2026-09-22 17:49:46.465: [INFO] LastUsedProfileDir: C:\Users\Charles\Downloads\Sifu Modding\Movesets Prototypes\Moveset Maker\SifuMovesetEditor\bin\Debug\net10.0-windows\SifuMovesetEditor.exe.WebView2\EBWebView\Default
2026-09-22 17:49:46.465: [INFO] MostRecentlyActiveProfile: name=Profile 1 path=C:\Users\Charles\Downloads\Sifu Modding\Movesets Prototypes\Moveset Maker\SifuMovesetEditor\bin\Debug\net10.0-windows\SifuMovesetEditor.exe.WebView2\EBWebView\Default lastActive=2026-09-22T16:47:56.280Z
2026-09-22 17:49:46.465: [INFO] OnDoneLoading sync enabled: 0
2026-09-22 17:49:46.465: [INFO] BookmarkModelLoaded, ids_reassigned: 0
2026-09-22 17:49:46.465: [INFO] BookmarksLoadDropped droppedNodes=0
2026-09-22 17:49:46.465: [INFO] BookmarksSnapshot Startup total=0 bar=0 other=0 mobile=0 showBar=0 showBarNTP=1
2026-09-22 17:57:18.967: [INFO] BookmarksSnapshot Shutdown total=0 bar=0 other=0 mobile=0 showBar=0 showBarNTP=1
2026-09-22 17:57:21.021: [INFO] CurrentProfilePath: C:\Users\Charles\Downloads\Sifu Modding\Movesets Prototypes\Moveset Maker\SifuMovesetEditor\bin\Debug\net10.0-windows\SifuMovesetEditor.exe.WebView2\EBWebView\Default
2026-09-22 17:57:21.021: [INFO] Profiles total count: 1
2026-09-22 17:57:21.021: [INFO] Profile: name=Profile 1 path=C:\Users\Charles\Downloads\Sifu Modding\Movesets Prototypes\Moveset Maker\SifuMovesetEditor\bin\Debug\net10.0-windows\SifuMovesetEditor.exe.WebView2\EBWebView\Default lastActive=2026-09-22T17:56:58.038Z
2026-09-22 17:57:21.021: [INFO] LastUsedProfileDir: C:\Users\Charles\Downloads\Sifu Modding\Movesets Prototypes\Moveset Maker\SifuMovesetEditor\bin\Debug\net10.0-windows\SifuMovesetEditor.exe.WebView2\EBWebView\Default
2026-09-22 17:57:21.021: [INFO] MostRecentlyActiveProfile: name=Profile 1 path=C:\Users\Charles\Downloads\Sifu Modding\Movesets Prototypes\Moveset Maker\SifuMovesetEditor\bin\Debug\net10.0-windows\SifuMovesetEditor.exe.WebView2\EBWebView\Default lastActive=2026-09-22T17:56:58.038Z
2026-09-22 17:57:21.021: [INFO] OnDoneLoading sync enabled: 0
2026-09-22 17:57:21.021: [INFO] BookmarkModelLoaded, ids_reassigned: 0
2026-09-22 17:57:21.021: [INFO] BookmarksLoadDropped droppedNodes=0
2026-09-22 17:57:21.021: [INFO] BookmarksSnapshot Startup total=0 bar=0 other=0 mobile=0 showBar=0 showBarNTP=1
2026-09-22 17:57:54.927: [INFO] BookmarksSnapshot Shutdown total=0 bar=0 other=0 mobile=0 showBar=0 showBarNTP=1
2026-09-22 18:01:00.382: [INFO] CurrentProfilePath: C:\Users\Charles\Downloads\Sifu Modding\Movesets Prototypes\Moveset Maker\SifuMovesetEditor\bin\Debug\net10.0-windows\SifuMovesetEditor.exe.WebView2\EBWebView\Default
2026-09-22 18:01:00.382: [INFO] Profiles total count: 1
2026-09-22 18:01:00.383: [INFO] Profile: name=Profile 1 path=C:\Users\Charles\Downloads\Sifu Modding\Movesets Prototypes\Moveset Maker\SifuMovesetEditor\bin\Debug\net10.0-windows\SifuMovesetEditor.exe.WebView2\EBWebView\Default lastActive=2026-09-22T17:56:58.038Z
2026-09-22 18:01:00.383: [INFO] LastUsedProfileDir: C:\Users\Charles\Downloads\Sifu Modding\Movesets Prototypes\Moveset Maker\SifuMovesetEditor\bin\Debug\net10.0-windows\SifuMovesetEditor.exe.WebView2\EBWebView\Default
2026-09-22 18:01:00.383: [INFO] MostRecentlyActiveProfile: name=Profile 1 path=C:\Users\Charles\Downloads\Sifu Modding\Movesets Prototypes\Moveset Maker\SifuMovesetEditor\bin\Debug\net10.0-windows\SifuMovesetEditor.exe.WebView2\EBWebView\Default lastActive=2026-09-22T17:56:58.038Z
2026-09-22 18:01:00.383: [INFO] OnDoneLoading sync enabled: 0
2026-09-22 18:01:00.383: [INFO] BookmarkModelLoaded, ids_reassigned: 0
2026-09-22 18:01:00.383: [INFO] BookmarksLoadDropped droppedNodes=0
2026-09-22 18:01:00.383: [INFO] BookmarksSnapshot Startup total=0 bar=0 other=0 mobile=0 showBar=0 showBarNTP=1
2026-09-22 18:01:54.912: [INFO] BookmarksSnapshot Shutdown total=0 bar=0 other=0 mobile=0 showBar=0 showBarNTP=1
2026-09-22 19:14:10.743: [INFO] CurrentProfilePath: C:\Users\Charles\Downloads\Sifu Modding\Movesets Prototypes\Moveset Maker\SifuMovesetEditor\bin\Debug\net10.0-windows\SifuMovesetEditor.exe.WebView2\EBWebView\Default
2026-09-22 19:14:10.743: [INFO] Profiles total count: 1
2026-09-22 19:14:10.743: [INFO] Profile: name=Profile 1 path=C:\Users\Charles\Downloads\Sifu Modding\Movesets Prototypes\Moveset Maker\SifuMovesetEditor\bin\Debug\net10.0-windows\SifuMovesetEditor.exe.WebView2\EBWebView\Default lastActive=2026-09-22T17:56:58.038Z
2026-09-22 19:14:10.743: [INFO] LastUsedProfileDir: C:\Users\Charles\Downloads\Sifu Modding\Movesets Prototypes\Moveset Maker\SifuMovesetEditor\bin\Debug\net10.0-windows\SifuMovesetEditor.exe.WebView2\EBWebView\Default
2026-09-22 19:14:10.743: [INFO] MostRecentlyActiveProfile: name=Profile 1 path=C:\Users\Charles\Downloads\Sifu Modding\Movesets Prototypes\Moveset Maker\SifuMovesetEditor\bin\Debug\net10.0-windows\SifuMovesetEditor.exe.WebView2\EBWebView\Default lastActive=2026-09-22T17:56:58.038Z
2026-09-22 19:14:10.743: [INFO] OnDoneLoading sync enabled: 0
2026-09-22 19:14:10.743: [INFO] BookmarkModelLoaded, ids_reassigned: 0
2026-09-22 19:14:10.743: [INFO] BookmarksLoadDropped droppedNodes=0
2026-09-22 19:14:10.743: [INFO] BookmarksSnapshot Startup total=0 bar=0 other=0 mobile=0 showBar=0 showBarNTP=1
2026-09-22 19:33:17.144: [INFO] BookmarksSnapshot Shutdown total=0 bar=0 other=0 mobile=0 showBar=0 showBarNTP=1
2026-09-22 19:35:23.665: [INFO] CurrentProfilePath: C:\Users\Charles\Downloads\Sifu Modding\Movesets Prototypes\Moveset Maker\SifuMovesetEditor\bin\Debug\net10.0-windows\SifuMovesetEditor.exe.WebView2\EBWebView\Default
2026-09-22 19:35:23.665: [INFO] Profiles total count: 1
2026-09-22 19:35:23.665: [INFO] Profile: name=Profile 1 path=C:\Users\Charles\Downloads\Sifu Modding\Movesets Prototypes\Moveset Maker\SifuMovesetEditor\bin\Debug\net10.0-windows\SifuMovesetEditor.exe.WebView2\EBWebView\Default lastActive=2026-09-22T19:16:44.764Z
2026-09-22 19:35:23.665: [INFO] LastUsedProfileDir: C:\Users\Charles\Downloads\Sifu Modding\Movesets Prototypes\Moveset Maker\SifuMovesetEditor\bin\Debug\net10.0-windows\SifuMovesetEditor.exe.WebView2\EBWebView\Default
2026-09-22 19:35:23.665: [INFO] MostRecentlyActiveProfile: name=Profile 1 path=C:\Users\Charles\Downloads\Sifu Modding\Movesets Prototypes\Moveset Maker\SifuMovesetEditor\bin\Debug\net10.0-windows\SifuMovesetEditor.exe.WebView2\EBWebView\Default lastActive=2026-09-22T19:16:44.764Z
2026-09-22 19:35:23.665: [INFO] OnDoneLoading sync enabled: 0
2026-09-22 19:35:23.665: [INFO] BookmarkModelLoaded, ids_reassigned: 0
2026-09-22 19:35:23.665: [INFO] BookmarksLoadDropped droppedNodes=0
2026-09-22 19:35:23.665: [INFO] BookmarksSnapshot Startup total=0 bar=0 other=0 mobile=0 showBar=0 showBarNTP=1
2026-09-22 20:07:43.327: [INFO] BookmarksSnapshot Shutdown total=0 bar=0 other=0 mobile=0 showBar=0 showBarNTP=1
2026-09-22 20:10:51.296: [INFO] CurrentProfilePath: C:\Users\Charles\Downloads\Sifu Modding\Movesets Prototypes\Moveset Maker\SifuMovesetEditor\bin\Debug\net10.0-windows\SifuMovesetEditor.exe.WebView2\EBWebView\Default
2026-09-22 20:10:51.296: [INFO] Profiles total count: 1
2026-09-22 20:10:51.296: [INFO] Profile: name=Profile 1 path=C:\Users\Charles\Downloads\Sifu Modding\Movesets Prototypes\Moveset Maker\SifuMovesetEditor\bin\Debug\net10.0-windows\SifuMovesetEditor.exe.WebView2\EBWebView\Default lastActive=2026-09-22T19:36:19.260Z
2026-09-22 20:10:51.296: [INFO] LastUsedProfileDir: C:\Users\Charles\Downloads\Sifu Modding\Movesets Prototypes\Moveset Maker\SifuMovesetEditor\bin\Debug\net10.0-windows\SifuMovesetEditor.exe.WebView2\EBWebView\Default
2026-09-22 20:10:51.296: [INFO] MostRecentlyActiveProfile: name=Profile 1 path=C:\Users\Charles\Downloads\Sifu Modding\Movesets Prototypes\Moveset Maker\SifuMovesetEditor\bin\Debug\net10.0-windows\SifuMovesetEditor.exe.WebView2\EBWebView\Default lastActive=2026-09-22T19:36:19.260Z
2026-09-22 20:10:51.296: [INFO] OnDoneLoading sync enabled: 0
2026-09-22 20:10:51.296: [INFO] BookmarkModelLoaded, ids_reassigned: 0
2026-09-22 20:10:51.296: [INFO] BookmarksLoadDropped droppedNodes=0
2026-09-22 20:10:51.296: [INFO] BookmarksSnapshot Startup total=0 bar=0 other=0 mobile=0 showBar=0 showBarNTP=1
2026-09-22 20:21:52.836: [INFO] BookmarksSnapshot Shutdown total=0 bar=0 other=0 mobile=0 showBar=0 showBarNTP=1
2026-09-22 20:26:33.336: [INFO] CurrentProfilePath: C:\Users\Charles\Downloads\Sifu Modding\Movesets Prototypes\Moveset Maker\SifuMovesetEditor\bin\Debug\net10.0-windows\SifuMovesetEditor.exe.WebView2\EBWebView\Default
2026-09-22 20:26:33.336: [INFO] Profiles total count: 1
2026-09-22 20:26:33.336: [INFO] Profile: name=Profile 1 path=C:\Users\Charles\Downloads\Sifu Modding\Movesets Prototypes\Moveset Maker\SifuMovesetEditor\bin\Debug\net10.0-windows\SifuMovesetEditor.exe.WebView2\EBWebView\Default lastActive=2026-09-22T20:13:02.227Z
2026-09-22 20:26:33.336: [INFO] LastUsedProfileDir: C:\Users\Charles\Downloads\Sifu Modding\Movesets Prototypes\Moveset Maker\SifuMovesetEditor\bin\Debug\net10.0-windows\SifuMovesetEditor.exe.WebView2\EBWebView\Default
2026-09-22 20:26:33.336: [INFO] MostRecentlyActiveProfile: name=Profile 1 path=C:\Users\Charles\Downloads\Sifu Modding\Movesets Prototypes\Moveset Maker\SifuMovesetEditor\bin\Debug\net10.0-windows\SifuMovesetEditor.exe.WebView2\EBWebView\Default lastActive=2026-09-22T20:13:02.227Z
2026-09-22 20:26:33.336: [INFO] OnDoneLoading sync enabled: 0
2026-09-22 20:26:33.336: [INFO] BookmarkModelLoaded, ids_reassigned: 0
2026-09-22 20:26:33.336: [INFO] BookmarksLoadDropped droppedNodes=0
2026-09-22 20:26:33.336: [INFO] BookmarksSnapshot Startup total=0 bar=0 other=0 mobile=0 showBar=0 showBarNTP=1
2026-09-22 20:32:38.125: [INFO] BookmarksSnapshot Shutdown total=0 bar=0 other=0 mobile=0 showBar=0 showBarNTP=1
2026-09-22 20:33:14.760: [INFO] CurrentProfilePath: C:\Users\Charles\Downloads\Sifu Modding\Movesets Prototypes\Moveset Maker\SifuMovesetEditor\bin\Debug\net10.0-windows\SifuMovesetEditor.exe.WebView2\EBWebView\Default
2026-09-22 20:33:14.760: [INFO] Profiles total count: 1
2026-09-22 20:33:14.760: [INFO] Profile: name=Profile 1 path=C:\Users\Charles\Downloads\Sifu Modding\Movesets Prototypes\Moveset Maker\SifuMovesetEditor\bin\Debug\net10.0-windows\SifuMovesetEditor.exe.WebView2\EBWebView\Default lastActive=2026-09-22T20:27:28.779Z
2026-09-22 20:33:14.760: [INFO] LastUsedProfileDir: C:\Users\Charles\Downloads\Sifu Modding\Movesets Prototypes\Moveset Maker\SifuMovesetEditor\bin\Debug\net10.0-windows\SifuMovesetEditor.exe.WebView2\EBWebView\Default
2026-09-22 20:33:14.760: [INFO] MostRecentlyActiveProfile: name=Profile 1 path=C:\Users\Charles\Downloads\Sifu Modding\Movesets Prototypes\Moveset Maker\SifuMovesetEditor\bin\Debug\net10.0-windows\SifuMovesetEditor.exe.WebView2\EBWebView\Default lastActive=2026-09-22T20:27:28.779Z
2026-09-22 20:33:14.760: [INFO] OnDoneLoading sync enabled: 0
2026-09-22 20:33:14.760: [INFO] BookmarkModelLoaded, ids_reassigned: 0
2026-09-22 20:33:14.760: [INFO] BookmarksLoadDropped droppedNodes=0
2026-09-22 20:33:14.760: [INFO] BookmarksSnapshot Startup total=0 bar=0 other=0 mobile=0 showBar=0 showBarNTP=1
2026-09-22 20:40:31.663: [INFO] BookmarksSnapshot Shutdown total=0 bar=0 other=0 mobile=0 showBar=0 showBarNTP=1
2026-09-22 20:50:56.971: [INFO] CurrentProfilePath: C:\Users\Charles\Downloads\Sifu Modding\Movesets Prototypes\Moveset Maker\SifuMovesetEditor\bin\Debug\net10.0-windows\SifuMovesetEditor.exe.WebView2\EBWebView\Default
2026-09-22 20:50:56.971: [INFO] Profiles total count: 1
2026-09-22 20:50:56.971: [INFO] Profile: name=Profile 1 path=C:\Users\Charles\Downloads\Sifu Modding\Movesets Prototypes\Moveset Maker\SifuMovesetEditor\bin\Debug\net10.0-windows\SifuMovesetEditor.exe.WebView2\EBWebView\Default lastActive=2026-09-22T20:40:20.413Z
2026-09-22 20:50:56.971: [INFO] LastUsedProfileDir: C:\Users\Charles\Downloads\Sifu Modding\Movesets Prototypes\Moveset Maker\SifuMovesetEditor\bin\Debug\net10.0-windows\SifuMovesetEditor.exe.WebView2\EBWebView\Default
2026-09-22 20:50:56.971: [INFO] MostRecentlyActiveProfile: name=Profile 1 path=C:\Users\Charles\Downloads\Sifu Modding\Movesets Prototypes\Moveset Maker\SifuMovesetEditor\bin\Debug\net10.0-windows\SifuMovesetEditor.exe.WebView2\EBWebView\Default lastActive=2026-09-22T20:40:20.413Z
2026-09-22 20:50:56.971: [INFO] OnDoneLoading sync enabled: 0
2026-09-22 20:50:56.971: [INFO] BookmarkModelLoaded, ids_reassigned: 0
2026-09-22 20:50:56.971: [INFO] BookmarksLoadDropped droppedNodes=0
2026-09-22 20:50:56.971: [INFO] BookmarksSnapshot Startup total=0 bar=0 other=0 mobile=0 showBar=0 showBarNTP=1
2026-09-22 21:02:14.897: [INFO] BookmarksSnapshot Shutdown total=0 bar=0 other=0 mobile=0 showBar=0 showBarNTP=1
2026-09-22 21:04:21.172: [INFO] CurrentProfilePath: C:\Users\Charles\Downloads\Sifu Modding\Movesets Prototypes\Moveset Maker\SifuMovesetEditor\bin\Debug\net10.0-windows\SifuMovesetEditor.exe.WebView2\EBWebView\Default
2026-09-22 21:04:21.172: [INFO] Profiles total count: 1
2026-09-22 21:04:21.172: [INFO] Profile: name=Profile 1 path=C:\Users\Charles\Downloads\Sifu Modding\Movesets Prototypes\Moveset Maker\SifuMovesetEditor\bin\Debug\net10.0-windows\SifuMovesetEditor.exe.WebView2\EBWebView\Default lastActive=2026-09-22T21:01:26.698Z
2026-09-22 21:04:21.172: [INFO] LastUsedProfileDir: C:\Users\Charles\Downloads\Sifu Modding\Movesets Prototypes\Moveset Maker\SifuMovesetEditor\bin\Debug\net10.0-windows\SifuMovesetEditor.exe.WebView2\EBWebView\Default
2026-09-22 21:04:21.172: [INFO] MostRecentlyActiveProfile: name=Profile 1 path=C:\Users\Charles\Downloads\Sifu Modding\Movesets Prototypes\Moveset Maker\SifuMovesetEditor\bin\Debug\net10.0-windows\SifuMovesetEditor.exe.WebView2\EBWebView\Default lastActive=2026-09-22T21:01:26.698Z
2026-09-22 21:04:21.172: [INFO] OnDoneLoading sync enabled: 0
2026-09-22 21:04:21.172: [INFO] BookmarkModelLoaded, ids_reassigned: 0
2026-09-22 21:04:21.172: [INFO] BookmarksLoadDropped droppedNodes=0
2026-09-22 21:04:21.172: [INFO] BookmarksSnapshot Startup total=0 bar=0 other=0 mobile=0 showBar=0 showBarNTP=1
2026-09-22 22:06:14.007: [INFO] BookmarksSnapshot Shutdown total=0 bar=0 other=0 mobile=0 showBar=0 showBarNTP=1
2026-09-22 22:09:38.292: [INFO] CurrentProfilePath: C:\Users\Charles\Downloads\Sifu Modding\Movesets Prototypes\Moveset Maker\SifuMovesetEditor\bin\Debug\net10.0-windows\SifuMovesetEditor.exe.WebView2\EBWebView\Default
2026-09-22 22:09:38.292: [INFO] Profiles total count: 1
2026-09-22 22:09:38.292: [INFO] Profile: name=Profile 1 path=C:\Users\Charles\Downloads\Sifu Modding\Movesets Prototypes\Moveset Maker\SifuMovesetEditor\bin\Debug\net10.0-windows\SifuMovesetEditor.exe.WebView2\EBWebView\Default lastActive=2026-09-22T21:06:05.730Z
2026-09-22 22:09:38.292: [INFO] LastUsedProfileDir: C:\Users\Charles\Downloads\Sifu Modding\Movesets Prototypes\Moveset Maker\SifuMovesetEditor\bin\Debug\net10.0-windows\SifuMovesetEditor.exe.WebView2\EBWebView\Default
2026-09-22 22:09:38.292: [INFO] MostRecentlyActiveProfile: name=Profile 1 path=C:\Users\Charles\Downloads\Sifu Modding\Movesets Prototypes\Moveset Maker\SifuMovesetEditor\bin\Debug\net10.0-windows\SifuMovesetEditor.exe.WebView2\EBWebView\Default lastActive=2026-09-22T21:06:05.730Z
2026-09-22 22:09:38.292: [INFO] OnDoneLoading sync enabled: 0
2026-09-22 22:09:38.292: [INFO] BookmarkModelLoaded, ids_reassigned: 0
2026-09-22 22:09:38.292: [INFO] BookmarksLoadDropped droppedNodes=0
2026-09-22 22:09:38.292: [INFO] BookmarksSnapshot Startup total=0 bar=0 other=0 mobile=0 showBar=0 showBarNTP=1
2026-09-22 22:38:36.299: [INFO] BookmarksSnapshot Shutdown total=0 bar=0 other=0 mobile=0 showBar=0 showBarNTP=1
2026-09-22 22:51:40.476: [INFO] CurrentProfilePath: C:\Users\Charles\Downloads\Sifu Modding\Movesets Prototypes\Moveset Maker\SifuMovesetEditor\bin\Debug\net10.0-windows\SifuMovesetEditor.exe.WebView2\EBWebView\Default
2026-09-22 22:51:40.476: [INFO] Profiles total count: 1
2026-09-22 22:51:40.476: [INFO] Profile: name=Profile 1 path=C:\Users\Charles\Downloads\Sifu Modding\Movesets Prototypes\Moveset Maker\SifuMovesetEditor\bin\Debug\net10.0-windows\SifuMovesetEditor.exe.WebView2\EBWebView\Default lastActive=2026-09-22T22:22:00.090Z
2026-09-22 22:51:40.476: [INFO] LastUsedProfileDir: C:\Users\Charles\Downloads\Sifu Modding\Movesets Prototypes\Moveset Maker\SifuMovesetEditor\bin\Debug\net10.0-windows\SifuMovesetEditor.exe.WebView2\EBWebView\Default
2026-09-22 22:51:40.476: [INFO] MostRecentlyActiveProfile: name=Profile 1 path=C:\Users\Charles\Downloads\Sifu Modding\Movesets Prototypes\Moveset Maker\SifuMovesetEditor\bin\Debug\net10.0-windows\SifuMovesetEditor.exe.WebView2\EBWebView\Default lastActive=2026-09-22T22:22:00.090Z
2026-09-22 22:51:40.476: [INFO] OnDoneLoading sync enabled: 0
2026-09-22 22:51:40.476: [INFO] BookmarkModelLoaded, ids_reassigned: 0
2026-09-22 22:51:40.476: [INFO] BookmarksLoadDropped droppedNodes=0
2026-09-22 22:51:40.476: [INFO] BookmarksSnapshot Startup total=0 bar=0 other=0 mobile=0 showBar=0 showBarNTP=1
2026-09-22 23:10:36.855: [INFO] BookmarksSnapshot Shutdown total=0 bar=0 other=0 mobile=0 showBar=0 showBarNTP=1
2026-09-22 23:22:00.516: [INFO] CurrentProfilePath: C:\Users\Charles\Downloads\Sifu Modding\Movesets Prototypes\Moveset Maker\SifuMovesetEditor\bin\Debug\net10.0-windows\SifuMovesetEditor.exe.WebView2\EBWebView\Default
2026-09-22 23:22:00.516: [INFO] Profiles total count: 1
2026-09-22 23:22:00.516: [INFO] Profile: name=Profile 1 path=C:\Users\Charles\Downloads\Sifu Modding\Movesets Prototypes\Moveset Maker\SifuMovesetEditor\bin\Debug\net10.0-windows\SifuMovesetEditor.exe.WebView2\EBWebView\Default lastActive=2026-09-22T22:52:15.955Z
2026-09-22 23:22:00.516: [INFO] LastUsedProfileDir: C:\Users\Charles\Downloads\Sifu Modding\Movesets Prototypes\Moveset Maker\SifuMovesetEditor\bin\Debug\net10.0-windows\SifuMovesetEditor.exe.WebView2\EBWebView\Default
2026-09-22 23:22:00.516: [INFO] MostRecentlyActiveProfile: name=Profile 1 path=C:\Users\Charles\Downloads\Sifu Modding\Movesets Prototypes\Moveset Maker\SifuMovesetEditor\bin\Debug\net10.0-windows\SifuMovesetEditor.exe.WebView2\EBWebView\Default lastActive=2026-09-22T22:52:15.955Z
2026-09-22 23:22:00.516: [INFO] OnDoneLoading sync enabled: 0
2026-09-22 23:22:00.516: [INFO] BookmarkModelLoaded, ids_reassigned: 0
2026-09-22 23:22:00.516: [INFO] BookmarksLoadDropped droppedNodes=0
2026-09-22 23:22:00.516: [INFO] BookmarksSnapshot Startup total=0 bar=0 other=0 mobile=0 showBar=0 showBarNTP=1
2026-09-22 23:26:41.525: [INFO] BookmarksSnapshot Shutdown total=0 bar=0 other=0 mobile=0 showBar=0 showBarNTP=1
2026-09-22 23:39:53.428: [INFO] CurrentProfilePath: C:\Users\Charles\Downloads\Sifu Modding\Movesets Prototypes\Moveset Maker\SifuMovesetEditor\bin\Debug\net10.0-windows\SifuMovesetEditor.exe.WebView2\EBWebView\Default
2026-09-22 23:39:53.428: [INFO] Profiles total count: 1
2026-09-22 23:39:53.428: [INFO] Profile: name=Profile 1 path=C:\Users\Charles\Downloads\Sifu Modding\Movesets Prototypes\Moveset Maker\SifuMovesetEditor\bin\Debug\net10.0-windows\SifuMovesetEditor.exe.WebView2\EBWebView\Default lastActive=2026-09-22T23:24:54.260Z
2026-09-22 23:39:53.428: [INFO] LastUsedProfileDir: C:\Users\Charles\Downloads\Sifu Modding\Movesets Prototypes\Moveset Maker\SifuMovesetEditor\bin\Debug\net10.0-windows\SifuMovesetEditor.exe.WebView2\EBWebView\Default
2026-09-22 23:39:53.428: [INFO] MostRecentlyActiveProfile: name=Profile 1 path=C:\Users\Charles\Downloads\Sifu Modding\Movesets Prototypes\Moveset Maker\SifuMovesetEditor\bin\Debug\net10.0-windows\SifuMovesetEditor.exe.WebView2\EBWebView\Default lastActive=2026-09-22T23:24:54.260Z
2026-09-22 23:39:53.428: [INFO] OnDoneLoading sync enabled: 0
2026-09-22 23:39:53.428: [INFO] BookmarkModelLoaded, ids_reassigned: 0
2026-09-22 23:39:53.428: [INFO] BookmarksLoadDropped droppedNodes=0
2026-09-22 23:39:53.428: [INFO] BookmarksSnapshot Startup total=0 bar=0 other=0 mobile=0 showBar=0 showBarNTP=1
2026-09-22 23:40:59.164: [INFO] BookmarksSnapshot Shutdown total=0 bar=0 other=0 mobile=0 showBar=0 showBarNTP=1
2026-09-22 23:49:13.350: [INFO] CurrentProfilePath: C:\Users\Charles\Downloads\Sifu Modding\Movesets Prototypes\Moveset Maker\SifuMovesetEditor\bin\Debug\net10.0-windows\SifuMovesetEditor.exe.WebView2\EBWebView\Default
2026-09-22 23:49:13.350: [INFO] Profiles total count: 1
2026-09-22 23:49:13.350: [INFO] Profile: name=Profile 1 path=C:\Users\Charles\Downloads\Sifu Modding\Movesets Prototypes\Moveset Maker\SifuMovesetEditor\bin\Debug\net10.0-windows\SifuMovesetEditor.exe.WebView2\EBWebView\Default lastActive=2026-09-22T23:24:54.260Z
2026-09-22 23:49:13.350: [INFO] LastUsedProfileDir: C:\Users\Charles\Downloads\Sifu Modding\Movesets Prototypes\Moveset Maker\SifuMovesetEditor\bin\Debug\net10.0-windows\SifuMovesetEditor.exe.WebView2\EBWebView\Default
2026-09-22 23:49:13.350: [INFO] MostRecentlyActiveProfile: name=Profile 1 path=C:\Users\Charles\Downloads\Sifu Modding\Movesets Prototypes\Moveset Maker\SifuMovesetEditor\bin\Debug\net10.0-windows\SifuMovesetEditor.exe.WebView2\EBWebView\Default lastActive=2026-09-22T23:24:54.260Z
2026-09-22 23:49:13.350: [INFO] OnDoneLoading sync enabled: 0
2026-09-22 23:49:13.350: [INFO] BookmarkModelLoaded, ids_reassigned: 0
2026-09-22 23:49:13.350: [INFO] BookmarksLoadDropped droppedNodes=0
2026-09-22 23:49:13.350: [INFO] BookmarksSnapshot Startup total=0 bar=0 other=0 mobile=0 showBar=0 showBarNTP=1
2026-09-22 23:55:04.233: [INFO] BookmarksSnapshot Shutdown total=0 bar=0 other=0 mobile=0 showBar=0 showBarNTP=1
